substrate,tf
AAC1,ASH1
AAC1,FHL1
AAC1,MSN2
AAC1,SOK2
AAD10,SOK2
AAD10,STE12
AAD16,MSN2
AAD16,RPN4
AAD16,YAP1
AAD4,SOK2
AAD4,YAP1
AAT2,ABF1
AAT2,GCN4
ABF2,MCM1
ABF2,SWI4
ABP1,STE12
ABP1,TYE7
ABP140,YOX1
ACB1,ABF1
ACB1,MSN2
ACB1,STE12
ACC1,INO4
ACC1,MSN2
ACE2,FKH2
ACE2,INO4
ACH1,FLO8
ACH1,MSN2
ACH1,SOK2
ACM1,MBP1
ACM1,SWI4
ACM1,YHP1
ACO1,CIN5
ACO1,DAL81
ACO1,RAP1
ACO1,RTG3
ACO1,STE12
ACO1,TUP1
ACO1,YAP1
ACO2,GCN4
ACO2,MSN2
ACO2,RAP1
ACP1,ABF1
ACP1,MSN2
ACS1,ABF1
ACS1,ADR1
ACS1,RAP1
ACS1,SOK2
ACS1,STE12
ACS1,UME6
ACS1,YRM1
ACS2,HAP1
ACT1,REB1
ADA2,FHL1
ADA2,IFH1
ADA2,STE12
ADA2,TEC1
ADD37,STE12
ADD66,GCN4
ADE1,BAS1
ADE1,PHO2
ADE1,TEC1
ADE13,BAS1
ADE16,BAS1
ADE16,CIN5
ADE16,RAP1
ADE17,BAS1
ADE17,PHO2
ADE17,YAP1
ADE2,AFT1
ADE2,BAS1
ADE2,PHO2
ADE3,BAS1
ADE3,CBF1
ADE3,GCN4
ADE3,HAP5
ADE3,MET28
ADE3,MET31
ADE3,MET32
ADE3,MET4
ADE3,PHO2
ADE3,RAP1
ADE4,BAS1
ADE4,PHO2
ADE4,YRM1
ADE5_7,BAS1
ADE5_7,GCN4
ADE5_7,PHO2
ADE5_7,RAP1
ADE6,BAS1
ADE8,ABF1
ADE8,BAS1
ADE8,RAP1
ADH1,ABF1
ADH1,GCR1
ADH1,GCR2
ADH1,RAP1
ADH1,SOK2
ADH3,ABF1
ADH3,CBF1
ADH3,CRZ1
ADH3,IXR1
ADH3,RAP1
ADH4,ABF1
ADH4,TYE7
ADH4,YHP1
ADH4,ZAP1
ADH5,ABF1
ADH5,CIN5
ADH5,GCN4
ADH5,GCR2
ADH5,TYE7
ADH6,YAP1
ADI1,MET32
ADI1,MSN2
ADI1,SOK2
ADR1,FHL1
ADR1,MSN2
ADR1,STE12
ADY3,STE12
ADY3,YRM1
ADY4,MSN2
ADY4,STE12
ADY4,TEC1
AEP3,HSF1
AEP3,MSN2
AFG1,YAP1
AFG2,ACE2
AFG2,BAS1
AFG2,NRG1
AFG3,SOK2
AFR1,RLM1
AFR1,STE12
AFT1,AFT2
AFT2,YAP1
AGA1,MCM1
AGA1,MOT3
AGA1,ROX1
AGA1,STE12
AGA1,SWI4
AGA1,SWI6
AGA1,TEC1
AGA2,MSN2
AGA2,STE12
AGA2,TEC1
AGP1,ADR1
AGP1,ASH1
AGP1,DAL81
AGP1,MSN2
AGP1,OAF1
AGP1,RAP1
AGP1,STP1
AGP1,STP2
AGP1,SWI4
AGP1,TUP1
AGP1,UME6
AHA1,GCN4
AHA1,HSF1
AHA1,SPT23
AHA1,STE12
AHC1,RAP1
AHC1,SOK2
AHC2,RPN4
AHP1,CBF1
AHP1,HSF1
AHP1,MSN2
AHP1,SKN7
AHP1,SKO1
AHP1,YAP1
AIF1,YAP1
AIM10,STE12
AIM11,MSN2
AIM13,STE12
AIM13,YRM1
AIM17,CAD1
AIM17,MSN2
AIM17,OAF1
AIM17,PDR1
AIM18,STE12
AIM19,CBF1
AIM2,SOK2
AIM20,ASH1
AIM21,SWI5
AIM22,STE12
AIM29,CIN5
AIM29,MSN2
AIM29,STE12
AIM37,SOK2
AIM44,ACE2
AIM44,SWI5
AIM46,PUT3
AIM7,CIN5
AIM7,ZAP1
AIM9,ACE2
AIP1,RAP1
AIR1,STE12
AKR1,AFT1
ALD2,STE12
ALD3,CAD1
ALD3,MSN2
ALD4,ADR1
ALD4,PDR1
ALD4,RAP1
ALD5,ABF1
ALD5,ADR1
ALD5,CIN5
ALD5,GCN4
ALD5,MSN2
ALD5,PHO4
ALD5,RAP1
ALD5,SOK2
ALD5,STE12
ALD5,YAP1
ALD6,ADR1
ALD6,GCN4
ALD6,MSN2
ALD6,SOK2
ALD6,STB5
ALD6,STE12
ALD6,YAP1
ALD6,YRM1
ALF1,ABF1
ALF1,STE12
ALG13,RPN4
ALG13,STE12
ALG14,ASH1
ALG14,CIN5
ALG14,MBP1
ALG14,SWI4
ALG3,RAP1
ALG5,RAP1
ALO1,MSN2
ALR2,STE12
ALT1,CIN5
ALT2,ADR1
ALT2,MSN2
ALY2,TEC1
AMN1,ACE2
AMN1,STE12
AMN1,SWI5
ANB1,HAP1
ANB1,MOT3
ANB1,ROX1
ANB1,STE12
ANP1,ABF1
ANT1,ABF1
APA1,HSF1
APA2,STE12
APC2,BAS1
APD1,MSN2
APE2,RAP1
APE2,STE12
APE2,TEC1
APJ1,MSN2
APL2,ABF1
APL3,STE12
APL3,TEC1
APL4,UME6
APL5,AFT1
APP1,CBF1
APT2,ABF1
APT2,MIG1
APT2,MSN2
APT2,RAP1
APT2,TUP1
AQR1,GCN4
AQR1,MSN2
AQR1,NRG1
AQR1,RDS2
AQR1,SOK2
AQR1,SPT23
ARB1,HSF1
ARC19,PDR3
ARD1,SOK2
ARE2,OAF3
ARE2,PDR3
ARE2,RAP1
ARE2,TEC1
ARE2,YAP1
ARE2,YRM1
ARF1,RAP1
ARF2,MSN2
ARF3,MCM1
ARG1,ABF1
ARG1,ARG81
ARG1,GCN4
ARG1,GLN3
ARG1,MCM1
ARG1,SKN7
ARG1,STP1
ARG1,TEC1
ARG2,GCN4
ARG3,ARG81
ARG3,ASH1
ARG3,GCN4
ARG3,GLN3
ARG3,RAP1
ARG3,RFX1
ARG3,STE12
ARG4,GCN4
ARG4,GLN3
ARG4,RTG3
ARG4,YAP1
ARG5_6,ARG81
ARG5_6,GCN4
ARG5_6,LEU3
ARG5_6,SOK2
ARG5_6,YAP1
ARG7,ABF1
ARG7,GCN4
ARG8,ARG81
ARG8,DAL82
ARG8,GCN4
ARI1,CIN5
ARI1,SOK2
ARI1,YOX1
ARN1,AFT1
ARN1,BAS1
ARN1,FLO8
ARN1,YHP1
ARN2,AFT1
ARO1,GCN4
ARO1,HSF1
ARO1,MSN2
ARO1,RPN4
ARO2,GCN4
ARO2,MSN2
ARO2,PHO4
ARO3,ABF1
ARO3,GCN4
ARO3,UME6
ARO4,CBF1
ARO4,GCN4
ARO4,SOK2
ARO7,DIG1
ARO7,SOK2
ARO8,GCN4
ART10,STE12
ASC1,FHL1
ASC1,IFH1
ASC1,RAP1
ASE1,ABF1
ASE1,MCM1
ASE1,YAP1
ASF1,CBF1
ASF1,MSN2
ASF1,RAP1
ASF1,YHP1
ASF2,GCN4
ASG7,STE12
ASH1,ACE2
ASH1,MBP1
ASH1,SOK2
ASH1,SWI5
ASK1,CIN5
ASK1,OAF1
ASK1,OAF3
ASK10,RAP1
ASM4,STE12
ASN1,GCN4
ASN1,HAP2
ASN2,ACE2
ASN2,GCN4
ASP1,ABF1
ATC1,GLN3
ATF1,CBF1
ATF1,RAP1
ATF1,RFX1
ATF1,SPT23
ATF1,SWI4
ATF2,FHL1
ATF2,SOK2
ATG11,SOK2
ATG11,STE12
ATG13,GCN4
ATG19,HSF1
ATG19,OAF1
ATG19,RPN4
ATG19,SPT23
ATG19,STE12
ATG22,YRM1
ATG26,RAP1
ATG33,ABF1
ATG33,GCN4
ATG33,MSN2
ATG34,OAF1
ATG34,PDR3
ATG34,STE12
ATG8,UME6
ATH1,AFT1
ATH1,GCN4
ATH1,STE12
ATM1,CBF1
ATO3,ABF1
ATO3,ADR1
ATO3,SOK2
ATO3,STE12
ATP1,HAP2
ATP14,HAP2
ATP14,SOK2
ATP15,HAP2
ATP16,CIN5
ATP16,MBP1
ATP16,PHO4
ATP17,ARO80
ATP18,RDS2
ATP2,HAP2
ATP2,RDS2
ATP20,HAP2
ATP25,BAS1
ATP25,STE12
ATP3,HAP5
ATP7,CBF1
ATP7,GCN4
ATP7,RAP1
ATP7,RPN4
ATR1,CIN5
ATR1,FHL1
ATR1,GCN4
ATR1,MSN2
ATR1,PHD1
ATR1,PUT3
ATR1,RIM101
ATR1,YAP1
ATX1,AFT2
ATX1,CBF1
ATX1,PUT3
AUS1,STE12
AUS1,SUM1
AVL9,STE12
AVL9,UME6
AVT1,CIN5
AVT4,RAP1
AVT6,RAP1
AVT6,STE12
AVT7,YRM1
AXL2,MSS11
AXL2,STE12
AXL2,TEC1
AXL2,YOX1
BAP2,DAL81
BAP2,GCN4
BAP2,MSN2
BAP2,RAP1
BAP2,SFP1
BAP2,SOK2
BAP2,STP1
BAP2,STP2
BAP3,ABF1
BAP3,MSN2
BAP3,RAP1
BAP3,STP1
BAR1,MCM1
BAR1,STE12
BAR1,SWI5
BAR1,SWI6
BAR1,TEC1
BAT1,PHD1
BAT2,ABF1
BAT2,ACE2
BAT2,ADR1
BAT2,CIN5
BAT2,GLN3
BAT2,HMS2
BAT2,RDS2
BAT2,RTG3
BAT2,SKN7
BAT2,STB5
BAT2,TEC1
BBC1,RAP1
BBP1,STE12
BCH2,STE12
BCP1,YAP1
BCY1,RAP1
BCY1,UME6
BDF1,CIN5
BDF2,ABF1
BDH1,ABF1
BDH1,BAS1
BDH1,MSN2
BDH2,ABF1
BDH2,MET32
BDH2,MSN2
BDH2,PDR1
BDH2,PDR3
BDH2,SOK2
BDH2,STE12
BDS1,HCM1
BDS1,MET32
BDS1,MET4
BEM2,LEU3
BEM2,STE12
BEM2,SWI5
BEM2,TEC1
BEM4,CIN5
BER1,SKO1
BIO2,SOK2
BIR1,ABF1
BLI1,IXR1
BMH1,ACE2
BMH1,GCR1
BMH1,STB5
BMH2,RAP1
BNA1,GCN4
BNA1,RAP1
BNA1,STE12
BNA1,SUM1
BNA1,TEC1
BNA2,ABF1
BNA2,FHL1
BNA2,HAP3
BNA2,MSN2
BNA2,SUM1
BNA3,CBF1
BNA3,FLO8
BNA3,MCM1
BNA3,MET31
BNA3,MET32
BNA4,YHP1
BNA5,ABF1
BNA5,RAP1
BNR1,STE12
BNS1,CIN5
BNS1,STE12
BNS1,TEC1
BOI1,STE12
BOS1,YRM1
BPH1,YOX1
BPT1,TEC1
BRX1,ABF1
BRX1,DAL82
BSC2,HSF1
BSC2,RAP1
BSC6,RAP1
BSP1,PDR1
BUB2,FHL1
BUB3,HSF1
BUD19,STE12
BUD20,MSN2
BUD20,RAP1
BUD20,YAP1
BUD20,YOX1
BUD21,ABF1
BUD21,DAL82
BUD22,RAP1
BUD26,STE12
BUD27,ABF1
BUD27,PDR1
BUD27,RAP1
BUD27,REB1
BUD27,STB5
BUD3,YAP1
BUD4,ASH1
BUD4,STE12
BUD7,CBF1
BUD7,TEC1
BUD9,ACE2
BUD9,FKH1
BUD9,MBP1
BUD9,MCM1
BUD9,SOK2
BUD9,STE12
BUD9,SWI4
BUR6,MCM1
BUR6,MSN2
BUR6,YOX1
BYE1,ABF1
CAB2,MSN2
CAB4,STB1
CAF120,RAP1
CAF120,STE12
CAF16,GCN4
CAF16,MCM1
CAF20,SKN7
CAF40,RAP1
CAF40,STE12
CAJ1,CIN5
CAM1,PHD1
CAN1,GCN4
CAP1,MSS11
CAP1,PDR3
CAP1,SKO1
CAR1,ABF1
CAR1,ARG81
CAR1,GCN4
CAR1,GLN3
CAR1,MCM1
CAR1,MSN2
CAR1,RAP1
CAR1,SWI4
CAR2,ADR1
CAR2,ARG81
CAR2,DAL82
CAR2,MCM1
CAR2,RAP1
CAR2,UME6
CAT2,ADR1
CAT2,BAS1
CAT2,UME6
CBF1,PHO4
CBF2,CIN5
CBF2,STE12
CBP3,MSN2
CBP3,SKO1
CCA1,STE12
CCC2,AFT1
CCC2,AFT2
CCC2,RPN4
CCE1,DAL81
CCH1,RAP1
CCH1,STE12
CCL1,STE12
CCM1,FHL1
CCP1,CIN5
CCP1,MSN2
CCP1,SKN7
CCP1,YAP1
CCS1,CBF1
CCS1,MSN2
CCS1,YAP1
CCT4,HIR2
CCW12,FLO8
CCW12,RAP1
CCW12,SOK2
CCW12,STE12
CCW12,TEC1
CCW12,YAP1
CCW12,YRM1
CCW14,ABF1
CCW14,RAP1
CCW14,RLM1
CCW14,YRM1
CDC14,STE12
CDC16,ABF1
CDC16,STE12
CDC19,ABF1
CDC19,GCR1
CDC19,GCR2
CDC19,MSN2
CDC19,RAP1
CDC19,ROX1
CDC19,TYE7
CDC20,ABF1
CDC20,BAS1
CDC20,PDR1
CDC20,STE12
CDC20,YOX1
CDC21,MBP1
CDC21,SWI4
CDC24,STE12
CDC24,TEC1
CDC26,ACE2
CDC26,MSN2
CDC3,YRM1
CDC34,ASH1
CDC34,MSN2
CDC34,STE12
CDC39,RPN4
CDC42,ABF1
CDC45,MBP1
CDC45,SWI6
CDC48,MSN2
CDC48,RAP1
CDC5,CBF1
CDC5,MCM1
CDC5,YOX1
CDC53,MSN2
CDC6,GCR2
CDC6,MBP1
CDC6,MCM1
CDC6,MSN2
CDC6,SWI4
CDC6,SWI5
CDC6,TEC1
CDC60,SOK2
CDC60,UME6
CDC7,ABF1
CDS1,ABF1
CDS1,INO4
CEM1,BAS1
CEM1,YAP1
CEX1,RAP1
CFD1,ABF1
CFD1,BAS1
CFD1,SFP1
CFT1,RAP1
CFT1,STE12
CHA1,ABF1
CHA1,CHA4
CHA1,PHO4
CHA1,STE12
CHC1,MSN2
CHO1,INO4
CHO2,ABF1
CHO2,HSF1
CHO2,MSN2
CHO2,RAP1
CHS1,MSN2
CHS1,SOK2
CHS1,SWI4
CHS1,SWI5
CHS2,FKH2
CHS3,STE12
CHS5,ABF1
CHS7,MBP1
CHS7,RAP1
CHS7,STE12
CHS7,TEC1
CIC1,PHO4
CIK1,ABF1
CIK1,CBF1
CIK1,STE12
CIN1,SKN7
CIN1,STE12
CIN1,TEC1
CIN2,MBP1
CIN2,STE12
CIN4,GCN4
CIN5,FLO8
CIN5,MSN2
CIN5,SOK2
CIN5,STE12
CIN5,YAP1
CIN5,YAP6
CIN8,HCM1
CIS3,CBF1
CIS3,MCM1
CIS3,PHD1
CIS3,PHO4
CIS3,RAP1
CIS3,REB1
CIS3,RLM1
CIS3,SKN7
CIS3,SWI4
CIS3,SWI6
CIS3,TEC1
CIT1,CBF1
CIT1,HAP2
CIT1,HAP3
CIT1,MSN2
CIT1,RTG3
CIT2,MSN2
CIT2,RPN4
CKI1,INO4
CKS1,GCR2
CKS1,MSN2
CLA4,STE12
CLA4,TEC1
CLA4,YRM1
CLB1,MCM1
CLB1,MSN2
CLB1,RAP1
CLB1,STE12
CLB1,SWI4
CLB1,YAP1
CLB1,YHP1
CLB3,DAL82
CLB3,YRM1
CLB5,MBP1
CLB5,SWI4
CLB5,SWI6
CLN1,FLO8
CLN1,RAP1
CLN1,SKN7
CLN1,SOK2
CLN1,STE12
CLN1,SWI4
CLN1,TEC1
CLN2,SKN7
CLN2,STE12
CLN2,SWI4
CLN2,YOX1
CLN3,MCM1
CLN3,RAP1
CLN3,STE12
CLN3,SWI4
CMD1,CST6
CMD1,RPN4
CMK2,OAF1
CMK2,YAP1
CMS1,RAP1
COA4,STE12
COG2,STE12
COG3,STE12
COG7,INO4
COQ2,HAP1
COQ6,MSN2
COR1,GCN4
COR1,MSN2
COR1,SOK2
COR1,YAP1
COS12,RAP1
COS12,STE12
COS6,ABF1
COS6,FLO8
COS6,PDR1
COS6,RAP1
COS6,SWI4
COS6,ZAP1
COS8,RAP1
COS8,STE12
COS8,SWI4
COT1,AFT1
COT1,AFT2
COT1,MET4
COX11,FHL1
COX11,IFH1
COX11,RAP1
COX12,CIN5
COX13,HAP2
COX13,STE12
COX14,AFT1
COX15,HAP1
COX16,HAP2
COX17,GCN4
COX20,FHL1
COX20,MSN2
COX4,ADR1
COX6,ABF1
COX6,HAP2
COX6,HAP3
COX6,HAP5
COX6,RTG3
COX7,HAP2
COX8,HAP2
COX9,HAP2
COY1,STE12
CPA1,ARG81
CPA1,GCN4
CPA1,MSN2
CPA1,RAP1
CPA2,GCN4
CPA2,MSN2
CPA2,YAP1
CPR1,ABF1
CPR1,HSF1
CPR1,MSN2
CPR1,RAP1
CPR1,ROX1
CPR1,SKN7
CPR4,MSN2
CPR4,RAP1
CPR5,ABF1
CPR6,HSF1
CPR8,STE12
CPR8,SWI4
CPS1,GLN3
CRH1,ASH1
CRH1,MCM1
CRH1,MSN2
CRH1,RLM1
CRH1,SOK2
CRH1,SWI5
CRH1,TEC1
CRM1,STE12
CRM1,TEC1
CRR1,AFT1
CRR1,SUM1
CRZ1,PHO4
CRZ1,YRM1
CSG2,MCM1
CSG2,RAP1
CSH1,ABF1
CSH1,SKO1
CSI2,ASH1
CSI2,SWI4
CSI2,SWI6
CSI2,TEC1
CSL4,MCM1
CSM1,MSN2
CSN9,GCR2
CSN9,SFP1
CSN9,STE12
CSN9,YAP1
CSR1,ABF1
CSR1,AFT1
CSR1,REB1
CST6,STE12
CTF4,STE12
CTH1,SFP1
CTK2,MSN2
CTR1,MAC1
CTR1,MSN2
CTR2,MAC1
CTS1,ACE2
CTS1,FKH1
CTS1,MSN2
CTS1,RAP1
CTS1,STE12
CTS1,SWI5
CUE1,DAL82
CUE2,SOK2
CUE2,YAP1
CUE4,ACE2
CUE4,MBP1
CUE4,SKN7
CUR1,YAP1
CUR1,YRM1
CUS1,ADR1
CUS1,TEC1
CWC2,YOX1
CWH41,STE12
CWH43,TEC1
CWP1,MET32
CWP1,MET4
CWP1,MSN2
CWP1,PDR1
CWP1,RAP1
CWP1,RLM1
CWP1,SKO1
CWP1,SOK2
CWP1,SPT23
CWP1,STE12
CWP1,SWI4
CWP1,SWI6
CWP1,TEC1
CWP2,DAL82
CWP2,MBP1
CWP2,OAF1
CWP2,PDR1
CWP2,RLM1
CWP2,SKN7
CWP2,SOK2
CWP2,SWI4
CWP2,SWI6
CYB2,ADR1
CYB2,HAP1
CYB2,STE12
CYB2,YRM1
CYB5,HAP1
CYC1,ABF1
CYC1,HAP1
CYC1,HAP2
CYC1,HAP3
CYC1,HAP5
CYC1,HSF1
CYC1,MOT3
CYC1,RAP1
CYC1,STE12
CYC1,YAP1
CYC3,MCM1
CYC3,MSN2
CYC3,STE12
CYC3,TUP1
CYC7,CIN5
CYC7,HAP1
CYC7,ROX1
CYK3,SWI5
CYM1,MSN2
CYR1,MSN2
CYS3,MET28
CYS3,MET31
CYS3,MET32
CYS3,MET4
CYS3,YAP1
CYS4,CBF1
CYS4,MET32
CYS4,MSN2
CYS4,YAP1
CYT1,CBF1
CYT1,HAP1
CYT1,HAP2
CYT1,HAP3
CYT1,HAP5
CYT1,STE12
CYT2,YAP1
DAK1,SKO1
DAL2,DAL81
DAL2,GLN3
DAL2,STE12
DAL4,DAL81
DAL4,GLN3
DAL4,STE12
DAL4,TEC1
DAL7,DAL81
DAL7,DAL82
DAL7,GLN3
DAL7,HSF1
DAL7,LEU3
DAL7,RAP1
DAL7,TEC1
DAL81,ABF1
DAP1,CIN5
DAP1,RAP1
DAP1,TEC1
DAP1,YAP1
DAP2,RPN4
DAS1,MAC1
DAS2,BAS1
DBF2,YOX1
DBF20,GCN4
DBF20,STE12
DBP2,AFT1
DBP2,PUT3
DBP7,STE12
DBP8,ASH1
DBP8,YAP1
DBP9,ABF1
DBP9,SWI5
DCG1,GLN3
DCS1,SPT23
DCS2,PDR1
DCS2,SOK2
DCS2,YAP1
DCW1,ABF1
DDI1,ASH1
DDI1,RPN4
DDR2,CIN5
DDR2,MET4
DDR2,MSN2
DDR2,RAP1
DDR2,SKN7
DDR2,SOK2
DDR2,STE12
DDR2,YAP1
DDR48,MSN2
DDR48,RIM101
DDR48,SKN7
DDR48,SOK2
DDR48,STE12
DDR48,SWI5
DDR48,TEC1
DDR48,YAP1
DED81,GCN4
DEF1,RPN4
DFG10,ABF1
DFM1,ABF1
DFM1,PHO4
DFR1,ABF1
DHR2,ABF1
DIA1,ABF1
DIA1,MSN2
DIA1,YAP1
DIC1,ADR1
DIF1,FKH2
DIF1,RAP1
DIF1,STE12
DIG1,PHD1
DIG1,SOK2
DIG1,STE12
DIN7,MBP1
DIN7,SWI6
DIP5,ADR1
DIP5,ASH1
DIP5,GLN3
DIP5,MSN2
DIP5,PDR1
DIP5,ROX1
DIP5,SOK2
DIP5,STP1
DIS3,DAL82
DJP1,STE12
DLD1,CIN5
DLD1,HAP1
DLD1,MSN2
DLD1,SWI5
DLD2,STE12
DLD3,MSN2
DLD3,RAP1
DLD3,RTG3
DLD3,SOK2
DNM1,RAP1
DNM1,YRM1
DOA4,MSN2
DOG1,ABF1
DOM34,MSN2
DOS2,DAL82
DOT6,ABF1
DOT6,MSN2
DOT6,SOK2
DPB2,MBP1
DPL1,MCM1
DPL1,STE12
DPP1,ABF1
DPP1,INO4
DPS1,SKN7
DRE2,YAP1
DRS1,YRM1
DRS2,STE12
DSE1,ACE2
DSE1,CAD1
DSE1,CIN5
DSE1,FKH1
DSE1,MBP1
DSE1,STE12
DSE1,SWI5
DSE2,ACE2
DSE2,FKH1
DSE2,RLM1
DSE2,STE12
DSE2,SWI5
DSE3,ACE2
DSE3,SWI5
DSE3,YAP1
DSE4,ACE2
DSE4,MSN2
DSE4,STE12
DSE4,SWI5
DSE4,YOX1
DSF2,STE12
DSF2,TEC1
DSK2,RPN4
DSN1,STE12
DSS1,GCN4
DSS4,ABF1
DUG1,FKH1
DUG3,MET32
DUG3,RAP1
DUN1,MBP1
DUN1,SWI6
DUR1_2,DAL81
DUR1_2,GLN3
DUS3,MSN2
DUS3,RAP1
DUS3,TEC1
DYN1,FKH1
EAP1,RAP1
EAP1,STE12
EAR1,RIM101
EBP2,ABF1
ECI1,OAF1
ECL1,HSF1
ECL1,LEU3
ECL1,MSN2
ECL1,ROX1
ECL1,SOK2
ECL1,STE12
ECM1,ADR1
ECM1,YOX1
ECM10,STE12
ECM11,TEC1
ECM22,ABF1
ECM22,STE12
ECM25,ABF1
ECM3,MSN2
ECM30,STE12
ECM32,ACE2
ECM32,GCN4
ECM33,MCM1
ECM33,MSN2
ECM33,RAP1
ECM33,STE12
ECM33,TEC1
ECM38,ASH1
ECM38,CBF1
ECM38,MSN2
ECM38,STE12
ECM38,SWI4
ECM38,SWI6
ECM38,TUP1
ECM38,YAP1
ECM4,IXR1
ECM4,MSN2
ECM4,RGT1
ECM4,SOK2
ECM4,YAP1
ECM5,STE12
EDC2,ABF1
EDC2,HSF1
EDC2,RAP1
EDC2,SOK2
EEB1,SOK2
EFB1,ABF1
EFB1,HSF1
EFB1,RAP1
EFT2,SOK2
EGD1,RAP1
EGD2,ACE2
EGD2,ROX1
EGT2,ACE2
EGT2,MCM1
EGT2,MSN2
EGT2,RAP1
EGT2,SOK2
EGT2,SWI5
EGT2,YAP1
EHD3,STE12
EHT1,INO4
EHT1,YAP1
EKI1,INO4
ELO1,ASH1
ELO1,FLO8
ELO1,GCR2
ELO1,MBP1
ELO1,MSN2
ELO1,NRG1
ELO1,SWI4
ELO1,SWI6
ELP2,CBF1
ELP3,SFP1
EMG1,SWI4
EMI1,MSN2
EMI2,FHL1
EMI2,MSN2
EMI2,PDR1
EMI2,SOK2
EMP47,TEC1
ENA5,YRM1
ENB1,AFT1
ENB1,AFT2
ENB1,TUP1
ENO1,CBF1
ENO1,CIN5
ENO1,GCR1
ENO1,INO4
ENO1,MET4
ENO1,MSN2
ENO1,PDR1
ENO1,PHO4
ENO1,RAP1
ENO1,SOK2
ENO1,SWI5
ENO1,TYE7
ENO2,GCR1
ENO2,GCR2
ENO2,HSF1
ENO2,RAP1
ENO2,SOK2
ENO2,ZAP1
EPL1,MSN2
EPT1,ABF1
EPT1,RAP1
ERC1,PHO4
ERC1,RAP1
ERC1,TUP1
ERG1,RAP1
ERG11,HAP1
ERG11,RAP1
ERG11,SOK2
ERG11,STE12
ERG11,YAP1
ERG12,REB1
ERG12,YRM1
ERG13,HAP1
ERG13,RAP1
ERG2,ECM22
ERG2,HAP1
ERG2,HCM1
ERG2,MOT3
ERG2,MSN2
ERG20,CBF1
ERG20,INO4
ERG24,DAL82
ERG25,RAP1
ERG25,SOK2
ERG25,STE12
ERG25,SWI5
ERG25,TEC1
ERG25,YAP1
ERG27,PDR1
ERG28,CBF1
ERG28,ECM22
ERG28,MSN2
ERG28,RFX1
ERG28,RPN4
ERG28,SOK2
ERG28,YAP1
ERG3,ECM22
ERG3,HAP1
ERG3,MCM1
ERG3,MSN2
ERG3,RDS2
ERG4,ECM22
ERG4,GCR1
ERG4,RPN4
ERG5,HAP1
ERG5,RAP1
ERG5,SOK2
ERG5,YAP1
ERG6,ACE2
ERG6,MSN2
ERG8,CAD1
ERG8,HAP1
ERG9,ASH1
ERG9,HAP1
ERG9,MSN2
ERO1,HSF1
ERO1,MSN2
ERO1,YAP1
ERO1,YRM1
ERP2,ABF1
ERP2,MSN2
ERP5,YHP1
ERT1,STE12
ERV14,MSN2
ERV15,CIN5
ERV25,ABF1
ERV29,RAP1
ERV46,ABF1
ESBP6,ARO80
ESBP6,FHL1
ESBP6,GCN4
ESC8,ABF1
ESC8,MBP1
ESF1,ABF1
ESF1,MSN2
ESF1,STE12
ESF1,TEC1
ESF1,YRM1
ESF2,SFP1
EST3,STE12
EUG1,HAC1
EXG1,ACE2
EXG1,MSN2
EXG1,RAP1
EXG1,RLM1
EXG1,SKO1
EXG1,SOK2
EXG1,SWI4
EXG1,SWI5
EXG1,SWI6
EXG2,TEC1
EXO5,ABF1
FAA1,CIN5
FAA1,MSN2
FAA1,RAP1
FAA1,SOK2
FAA1,SPT23
FAA3,ACE2
FAA3,SOK2
FAA3,STE12
FAA3,SWI5
FAA4,RFX1
FAA4,SPT23
FAF1,RAP1
FAL1,RAP1
FAP7,YAP1
FAR1,MCM1
FAR1,STE12
FAR8,INO4
FAS1,ABF1
FAS1,INO4
FAS1,MSN2
FAS1,OPI1
FAS1,RAP1
FAS2,INO4
FAS2,OPI1
FAS2,RAP1
FAS2,STE12
FAS2,TUP1
FAT1,MCM1
FAU1,SFP1
FBA1,CBF1
FBA1,GCN4
FBA1,GCR2
FBA1,RAP1
FBA1,TUP1
FBA1,TYE7
FCF1,ABF1
FCF1,MSN2
FCF2,ABF1
FCF2,PUT3
FCY2,MSN2
FCY2,RAP1
FCY2,TUP1
FES1,HSF1
FES1,MSN2
FES1,SPT23
FET3,AFT1
FET3,AFT2
FET3,MSN2
FET3,STE12
FET4,AFT1
FET4,CBF1
FET4,MAC1
FET4,MSN2
FET4,RIM101
FET4,ROX1
FET4,SKN7
FET4,STE12
FET4,TEC1
FET5,AFT2
FHN1,STE12
FIG1,STE12
FIG1,SUM1
FIG1,TEC1
FIG2,STE12
FIG2,TEC1
FIG4,MSN2
FIN1,ABF1
FIP1,ABF1
FIP1,STE12
FIR1,RAP1
FIT2,AFT1
FIT2,ASH1
FIT2,CIN5
FIT2,LEU3
FIT2,RAP1
FIT3,AFT1
FIT3,AFT2
FIT3,PUT3
FKH2,RAP1
FKS1,MSN2
FKS1,RAP1
FKS1,RLM1
FKS1,SOK2
FKS1,STE12
FKS1,SWI4
FLC1,CBF1
FLC1,MSN2
FLC1,RAP1
FLC2,BAS1
FLC2,SOK2
FLD1,STE12
FLO8,STE12
FLO8,TEC1
FLR1,IXR1
FLR1,MSN2
FLR1,PDR1
FLR1,PDR3
FLR1,YAP1
FLR1,YRR1
FMC1,NRG1
FMP23,GCN4
FMP23,STE12
FMP25,YAP1
FMP40,FHL1
FMP40,STE12
FMP43,ADR1
FMP43,AFT1
FMP43,CIN5
FMP43,MSN2
FMP43,REB1
FMP43,SKO1
FMP43,STE12
FMP52,ASH1
FOB1,SWI5
FOL1,MSS11
FOL2,GCN4
FOX2,ABF1
FOX2,ADR1
FOX2,OAF1
FOX2,UME6
FPK1,RAP1
FPK1,SPT23
FPR1,DAL82
FPR1,YAP1
FPR4,TEC1
FPS1,MIG1
FRE1,AFT1
FRE1,AFT2
FRE1,MAC1
FRE1,MSN2
FRE1,RAP1
FRE1,SKN7
FRE1,YAP1
FRE3,STE12
FRE3,YOX1
FRE6,AFT1
FRE6,MSN2
FRE6,RAP1
FRQ1,CST6
FRQ1,ECM22
FRS1,BAS1
FRS1,PDR1
FRS2,ACE2
FRS2,GLN3
FRS2,MSN2
FRS2,RAP1
FRS2,TUP1
FRS2,YRM1
FRT1,STE12
FRT1,TEC1
FSF1,ADR1
FSF1,CBF1
FSF1,LEU3
FSF1,MSN2
FSH1,HSF1
FSH1,SKO1
FSH1,SOK2
FSH2,STE12
FSH3,RFX1
FTH1,AFT1
FTH1,AFT2
FTH1,HSF1
FTR1,AFT1
FTR1,AFT2
FTR1,MAC1
FTR1,MSN2
FTR1,PDR1
FTR1,SOK2
FTR1,SWI4
FTR1,TEC1
FTR1,TUP1
FUI1,DAL81
FUI1,MSN1
FUI1,MSN2
FUI1,RAP1
FUI1,SPT23
FUN19,SOK2
FUN26,MCM1
FUN26,SFP1
FUN26,SWI5
FUN30,STE12
FUR1,RAP1
FUR1,SWI5
FUR4,ABF1
FUR4,MSN1
FUR4,TEC1
FUS1,STE12
FUS1,TEC1
FUS2,STE12
FUS2,TEC1
FUS3,MSN2
FUS3,STE12
FUS3,TEC1
FYV4,STE12
FYV6,STE12
FYV6,TEC1
FYV7,MET28
FZO1,ABF1
FZO1,YAP1
GAD1,GCN4
GAL11,RAP1
GAP1,ABF1
GAP1,GLN3
GAP1,GZF3
GAP1,MSN2
GAP1,SKO1
GAP1,SOK2
GAP1,TEC1
GAP1,YAP1
GAP1,YAP6
GAR1,CBF1
GAS1,ASH1
GAS3,FKH1
GAS3,SWI6
GAT1,ACE2
GAT1,GCN4
GAT1,GLN3
GAT1,GZF3
GAT1,HAP2
GAT1,MSN2
GAT1,STE12
GAT1,SWI5
GAT1,UME6
GAT2,FLO8
GAT2,GCN4
GAT2,RAP1
GAT2,RIM101
GAT2,SKO1
GAT2,SOK2
GAT2,SWI4
GCD1,RPN4
GCD11,REB1
GCD6,STE12
GCD6,TEC1
GCN1,ABF1
GCN1,RPN4
GCN1,STE12
GCN2,ABF1
GCN20,STE12
GCN4,GLN3
GCN4,STP1
GCR1,RAP1
GCR1,RFX1
GCS1,PHO2
GCV1,BAS1
GCV2,AFT1
GCV2,BAS1
GCV2,GCN4
GCV2,YAP1
GCV3,ABF1
GCV3,BAS1
GCV3,YAP1
GCY1,CIN5
GCY1,REB1
GDA1,BAS1
GDB1,CIN5
GDB1,PDR1
GDB1,SPT23
GDE1,PHO4
GDH1,CIN5
GDH1,GLN3
GDH1,HAP2
GDH1,LEU3
GDH1,MSN2
GDH1,SOK2
GDH2,GAT1
GDH2,GCN4
GDH2,GLN3
GDH2,MSN2
GDH3,ARR1
GDH3,CAD1
GDH3,MAL33
GDH3,SKN7
GDH3,SOK2
GDH3,SWI5
GDH3,YOX1
GDI1,MSN2
GDS1,MCM1
GDS1,RAP1
GEA2,RPN4
GEA2,YRM1
GEF1,STE12
GFA1,MCM1
GFA1,MSN2
GFA1,SWI4
GFA1,TEC1
GFD1,MSN2
GGC1,CBF1
GGC1,GCN4
GGC1,STB5
GIC1,STE12
GIC2,ASH1
GIC2,FHL1
GIC2,PHD1
GIC2,RAP1
GIC2,RLM1
GIC2,SKN7
GIC2,SOK2
GIC2,SWI4
GIC2,TEC1
GID7,STE12
GID8,GCN4
GID8,MSN2
GID8,SKN7
GID8,SOK2
GIM3,RAP1
GIM5,CIN5
GIR2,SFP1
GIS1,MSN2
GIS1,RDS2
GIS2,ABF1
GIS3,RAP1
GIS3,STE12
GIS3,STP1
GIS4,YOX1
GLC3,MSN2
GLC3,OAF1
GLC3,SOK2
GLC7,MCM1
GLK1,GCR1
GLK1,MSN2
GLK1,PDR3
GLK1,RAP1
GLN1,FKH1
GLN1,GLN3
GLN1,MSN1
GLN1,RAP1
GLN1,SOK2
GLN1,YHP1
GLN1,YOX1
GLN3,GCN4
GLO1,ABF1
GLO1,ACE2
GLO1,MSN2
GLO1,SOK2
GLO4,STE12
GLR1,YAP1
GLT1,ABF1
GLT1,GCN4
GLT1,GLN3
GLT1,HAP2
GLT1,MSN2
GLT1,YAP1
GLY1,BAS1
GLY1,CBF1
GLY1,CIN5
GLY1,GCN4
GLY1,MCM1
GLY1,MET4
GLY1,MSN2
GLY1,PDR1
GLY1,RAP1
GLY1,SOK2
GLY1,STP1
GLY1,YAP1
GMH1,ABF1
GND1,CIN5
GND1,RAP1
GND1,SUM1
GND1,YAP1
GND2,CAD1
GND2,CIN5
GND2,MSN2
GNP1,FLO8
GNP1,GCN4
GNP1,SOK2
GNP1,TEC1
GON7,ABF1
GOR1,STB5
GOS1,REB1
GPA1,DIG1
GPA1,SOK2
GPA1,STE12
GPA1,TEC1
GPA2,SOK2
GPD1,HOT1
GPD1,MSN1
GPD1,MSN2
GPD1,PHO4
GPD1,RAP1
GPD1,SKO1
GPD2,GCN4
GPD2,RAP1
GPH1,CIN5
GPH1,MAC1
GPH1,MSN2
GPI12,UME6
GPI17,ABF1
GPM1,GCR1
GPM1,GCR2
GPM1,HSF1
GPM1,MSN2
GPM1,RAP1
GPM1,STE12
GPM2,CIN5
GPM2,GCN4
GPM2,RAP1
GPM2,SOK2
GPT2,MSN2
GPT2,YAP1
GPX1,CIN5
GPX1,RPN4
GPX1,SFP1
GPX1,STE12
GPX2,CRZ1
GPX2,HAP3
GPX2,MSN2
GPX2,SKN7
GPX2,YAP1
GRE2,PDR1
GRE2,SKO1
GRE2,SOK2
GRE2,YAP1
GRE3,HSF1
GRE3,MSN2
GRH1,ABF1
GRS1,SFP1
GRS2,BAS1
GRX2,MSN2
GRX2,YAP1
GRX3,SOK2
GRX6,MSN2
GRX7,STE12
GSC2,CBF1
GSC2,MSN2
GSC2,RAP1
GSC2,STE12
GSC2,SWI4
GSC2,TEC1
GSF2,RPN4
GSH1,BAS1
GSH1,CBF1
GSH1,CIN5
GSH1,FKH1
GSH1,MET4
GSH1,MSN2
GSH1,SKN7
GSH1,YAP1
GSH2,YAP1
GSM1,STE12
GSM1,UME6
GSP1,HSF1
GSY1,IXR1
GSY1,MSN2
GSY1,NRG1
GSY2,CBF1
GSY2,IXR1
GSY2,MSN2
GSY2,YAP1
GTO1,MSN2
GTO1,YAP1
GTR1,YAP1
GTT1,SOK2
GTT2,STE12
GTT2,YAP1
GTT3,ABF1
GTT3,MSN2
GTT3,RAP1
GUA1,ABF1
GUA1,CBF1
GUF1,ACE2
GUP1,RAP1
GUT1,ADR1
GUT1,RAP1
GUT2,ADR1
GUT2,FHL1
GVP36,ABF1
GYL1,YAP6
GYP1,HCM1
GYP1,SFP1
GYP1,SOK2
GYP5,STE12
GYP8,MCM1
GYP8,STE12
GYP8,YAP1
GZF3,GAT1
HAA1,MSN2
HAA1,RAP1
HAA1,STE12
HAC1,CBF1
HAC1,MSN2
HAC1,STE12
HAL5,MSN2
HAL5,YRM1
HAP1,ABF1
HAP1,HAP1
HAP1,RAP1
HAP1,SOK2
HAP1,STE12
HAP1,YAP1
HAS1,MSN2
HAT2,IXR1
HAT2,RAP1
HBN1,YAP1
HCH1,HSF1
HCM1,FLO8
HCM1,MBP1
HCM1,RAP1
HCM1,SWI4
HCR1,AFT2
HCS1,RAP1
HDA3,CIN5
HEK2,ABF1
HEK2,HCM1
HEK2,HSF1
HEK2,MSN2
HEK2,SKN7
HEK2,YAP1
HEK2,YOX1
HEM1,HAP2
HEM1,HAP3
HEM1,MSN2
HEM1,STB5
HEM12,MSN2
HEM12,STP1
HEM13,MOT3
HEM13,RAP1
HEM13,ROX1
HEM13,STE12
HEM2,CBF1
HEM3,MSN2
HEM3,STE12
HEM4,CIN5
HER1,MSN2
HER1,YAP1
HFD1,SPT23
HFI1,ABF1
HGH1,AFT1
HHF1,FKH2
HHF1,HIR2
HHF1,HSF1
HHF2,HIR2
HHF2,MET4
HHF2,SWI4
HHF2,YAP1
HHF2,YOX1
HHO1,SPT23
HHO1,SWI4
HHO1,SWI6
HHT1,FKH2
HHT1,HIR2
HHT1,MSN2
HHT2,HIR2
HHT2,SWI4
HHT2,SWI6
HHT2,YOX1
HIP1,SFP1
HIP1,STE12
HIR2,SOK2
HIS1,CBF1
HIS1,GCN4
HIS1,MSN2
HIS1,PHO4
HIS1,SOK2
HIS1,TUP1
HIS2,STE12
HIS3,GCN4
HIS4,BAS1
HIS4,GCN4
HIS4,GLN3
HIS4,MSN2
HIS4,PHO2
HIS4,RAP1
HIS5,ABF1
HIS5,BAS1
HIS5,CBF1
HIS5,GCN4
HIS5,REB1
HIS5,SOK2
HIS6,NRG1
HIS7,ABF1
HIS7,BAS1
HIS7,CBF1
HIS7,GCN4
HIT1,SOK2
HLR1,TEC1
HMF1,CBF1
HMF1,RAP1
HMG1,HAP1
HMG1,MSN2
HMG1,SOK2
HMG2,ABF1
HMO1,ABF1
HMRA1,RAP1
HMS2,ABF1
HMS2,ACE2
HMS2,CBF1
HMS2,FHL1
HMS2,GCN4
HMS2,IFH1
HMS2,MSN2
HMS2,RAP1
HMS2,STE12
HMX1,AFT2
HMX1,HAP1
HNM1,MAC1
HNT1,ABF1
HOC1,RAP1
HOF1,ABF1
HOG1,PHD1
HOG1,RAP1
HOG1,YAP1
HOM2,ACE2
HOM2,HSF1
HOM2,REB1
HOM2,STB5
HOM3,GCN4
HOM6,RAP1
HOR2,HOT1
HOR2,MSN2
HOR2,RAP1
HOR2,SOK2
HOR7,GCN4
HOR7,HSF1
HOR7,MSN2
HOR7,PDR1
HOR7,PDR3
HOR7,SKN7
HOR7,SOK2
HOR7,TEC1
HOS2,STE12
HOS2,TEC1
HOS3,FKH1
HOS3,MSN2
HOS3,STE12
HOS4,SOK2
HOT13,ACE2
HOT13,RAP1
HPA3,SOK2
HPF1,ADR1
HPF1,MSN2
HPF1,STE12
HPF1,SWI4
HPF1,ZAP1
HPT1,YAP1
HRB1,ABF1
HRB1,GCN4
HRP1,STE12
HRR25,CBF1
HSC82,AFT1
HSC82,BAS1
HSC82,HSF1
HSC82,MSN2
HSC82,REB1
HSC82,SFP1
HSC82,YAP6
HSL1,CIN5
HSL1,MSN2
HSL1,STE12
HSL1,TEC1
HSL7,TEC1
HSL7,TYE7
HSP10,CIN5
HSP10,HSF1
HSP104,FKH1
HSP104,HSF1
HSP104,MSN2
HSP104,SKO1
HSP104,YAP1
HSP12,ADR1
HSP12,HOT1
HSP12,HSF1
HSP12,INO4
HSP12,MCM1
HSP12,MSN1
HSP12,MSN2
HSP12,RAP1
HSP12,SKN7
HSP12,SOK2
HSP12,STE12
HSP12,SWI4
HSP12,SWI5
HSP12,TEC1
HSP12,YAP1
HSP12,YOX1
HSP150,ABF1
HSP150,ACE2
HSP150,RLM1
HSP150,SWI5
HSP150,YAP1
HSP26,CAD1
HSP26,HSF1
HSP26,MSN2
HSP26,RIM101
HSP26,SOK2
HSP26,STE12
HSP26,YAP1
HSP26,ZAP1
HSP31,CIN5
HSP31,GCN4
HSP31,MSN2
HSP31,YAP1
HSP42,HSF1
HSP42,MSN2
HSP42,RTG3
HSP42,TEC1
HSP60,ABF1
HSP60,HSF1
HSP60,STE12
HSP78,GCN4
HSP78,HSF1
HSP78,MSN2
HSP78,PDR1
HSP78,SOK2
HSP78,TUP1
HSP78,YAP1
HSP82,ABF1
HSP82,HSF1
HSP82,MSN2
HSP82,PHO2
HSP82,SUM1
HSP82,YAP1
HST2,MBP1
HST2,SOK2
HST3,IXR1
HSV2,RPN4
HSV2,YAP1
HTA1,HIR1
HTA1,SWI4
HTA1,SWI6
HTA2,CIN5
HTA2,MBP1
HTA2,SWI4
HTB1,HIR2
HTB1,SWI4
HTB2,MBP1
HTB2,MSN2
HTB2,SWI6
HTZ1,MCM1
HUA1,ABF1
HXK1,INO4
HXK1,PDR1
HXK1,RAP1
HXK1,SOK2
HXK1,TEC1
HXK2,ABF1
HXK2,CRZ1
HXK2,MIG1
HXK2,RGT1
HXK2,SWI4
HXT1,MSN2
HXT1,RFX1
HXT1,RGT1
HXT1,SKO1
HXT2,ADR1
HXT2,RGT1
HXT2,SOK2
HXT2,STE12
HXT3,PDR1
HXT3,PDR3
HXT3,RGT1
HXT3,SOK2
HXT3,SWI5
HXT4,GCR1
HXT4,MSN2
HXT4,RGT1
HXT4,SOK2
HXT4,TEC1
HXT7,CRZ1
HXT7,PDR1
HXT7,PHO4
HXT7,SOK2
HXT7,TEC1
HXT7,TUP1
HYM1,STE12
HYP2,ABF1
HYP2,HAP1
HYP2,RAP1
IAH1,INO4
IBA57,CIN5
IBA57,FHL1
IBA57,IFH1
IBA57,YAP1
ICE2,UME6
ICL2,ADR1
ICL2,STE12
ICP55,ACE2
ICP55,YAP1
ICT1,MSN2
ICT1,PDR1
ICT1,PDR3
ICT1,STE12
ICY1,ADR1
ICY1,CIN5
ICY1,GCN4
ICY1,MSN2
ICY1,NRG1
ICY1,PDR3
ICY1,SKN7
ICY1,SOK2
ICY1,STE12
ICY1,SWI4
ICY1,TEC1
ICY1,UME6
ICY2,CBF1
ICY2,GCN4
ICY2,MSN2
ICY2,RAP1
ICY2,SKO1
ICY2,YAP1
IDH1,ABF1
IDH1,CBF1
IDH1,MOT3
IDH1,MSN2
IDH1,ROX1
IDH1,RTG3
IDH2,MSN2
IDH2,NRG1
IDH2,RTG3
IDI1,MSN2
IDP1,GCN4
IDP1,LEU3
IES1,CIN5
IES1,RAP1
IES1,YRM1
IES5,BAS1
IES5,MET31
IES6,SOK2
IES6,STE12
IFA38,ABF1
IFA38,ACE2
IKI3,YOX1
IKS1,YAP1
ILM1,MSN2
ILS1,GCN4
ILV1,GCN4
ILV2,GCN4
ILV2,HSF1
ILV2,LEU3
ILV2,RAP1
ILV3,GCN4
ILV3,LEU3
ILV3,STE12
ILV5,GCN4
ILV5,MSN2
ILV5,STE12
ILV6,STE12
IMD2,RAP1
IMD3,CIN5
IMD4,STE12
IMD4,YRM1
IME4,ABF1
IME4,TEC1
IML1,SOK2
IML2,MSN2
IML2,PDR3
INH1,MSN2
INH1,PHO4
INP51,STE12
INP52,STE12
INP53,STE12
IOC2,ABF1
IOC3,ABF1
IOC3,YRM1
IOC4,HAP2
IPP1,ABF1
IPP1,RAP1
IPT1,ABF1
IPT1,CBF1
IPT1,OAF1
IPT1,PDR1
IPT1,PDR3
IPT1,SOK2
IPT1,TUP1
IQG1,YHP1
IRA1,STE12
IRA2,CIN5
IRA2,HSF1
IRA2,MSN2
IRA2,STE12
IRA2,TEC1
IRC18,ABF1
IRC18,SUM1
IRC22,RAP1
IRC3,ACA1
IRC3,YOX1
IRC5,RAP1
IRC5,STE12
ISA1,GCN4
ISA1,HAP2
ISC1,RAP1
ISD11,STE12
ISM1,YOX1
ISR1,ACE2
ISR1,SWI5
ISU1,ADR1
ISU1,AFT2
ISU1,GCN4
ISU1,MET32
ISU1,RAP1
ISU1,SKO1
ISU1,SOK2
ISU1,STE12
ISU2,AFT2
ISU2,MSN2
ISU2,NRG1
ISU2,PHD1
ISU2,YAP1
ISW2,ABF1
ITC1,ACE2
ITR1,INO4
ITR1,OPI1
IXR1,CIN5
IXR1,RDS2
IXR1,ROX1
IXR1,SKN7
IXR1,SOK2
IXR1,STE12
IXR1,TEC1
IZH1,MSN2
IZH2,OAF1
IZH3,RAP1
IZH3,SOK2
IZH3,TEC1
IZH3,YOX1
IZH3,YRM1
JEN1,ABF1
JEN1,ADR1
JEN1,BAS1
JEN1,MSN2
JHD2,MSN2
JIP4,FHL1
JIP4,MSN2
JJJ2,STE12
JSN1,ASH1
JSN1,RAP1
JSN1,STE12
KAE1,CIN5
KAE1,STE12
KAP123,MCM1
KAR2,HAC1
KAR2,HSF1
KAR2,SFP1
KAR3,STE12
KAR4,MCM1
KAR4,RPN4
KAR4,STE12
KAR5,GCN4
KAR5,STE12
KAR5,TEC1
KDX1,RAP1
KDX1,RLM1
KDX1,SFP1
KEG1,HAC1
KEL1,YRM1
KEL2,ABF1
KEL2,YAP1
KEX1,CIN5
KGD1,AFT1
KIC1,MET32
KIN1,SOK2
KIN1,SPT23
KIN2,UME6
KIN3,MCM1
KIN3,YHP1
KIN3,YOX1
KIN4,YOX1
KIP1,STE12
KNS1,FHL1
KNS1,MSN2
KNS1,RAP1
KOG1,STE12
KRE1,ABF1
KRE2,PHO4
KRE33,MSN2
KRE33,TEC1
KRE6,CIN5
KRE6,MAC1
KRE6,MSN2
KRE9,ABF1
KRR1,FKH2
KRR1,HSF1
KRS1,STE12
KTI12,CBF1
KTI12,TEC1
KTR2,MSN2
KTR2,STE12
KTR2,TEC1
KTR2,YAP1
KTR4,ABF1
KXD1,PHO4
LAC1,ABF1
LAC1,CBF1
LAC1,MSN2
LAC1,PDR1
LAC1,PDR3
LAC1,ROX1
LAC1,SKN7
LAG2,ABF1
LAG2,STE12
LAP3,CIN5
LAP3,GCN4
LAP3,MSN2
LAP3,SWI5
LAS1,STE12
LAS17,RAP1
LAT1,ABF1
LCB1,ABF1
LCB1,CIN5
LCB1,MSN2
LCB1,RAP1
LCB2,RAP1
LCB3,CBF1
LCB3,RAP1
LCB3,RFX1
LCB3,SFP1
LCB4,YRM1
LCB5,FKH2
LCD1,STE12
LCL1,ASH1
LCL2,RAP1
LCP5,ACE2
LDB16,ABF1
LDB18,MSN2
LDB18,YAP1
LDB7,PDR3
LEU1,CIN5
LEU1,GCN4
LEU1,MSN2
LEU1,SKO1
LEU3,GCN4
LEU3,STE12
LEU4,ABF1
LEU4,GCN4
LEU4,PHO4
LEU4,SFP1
LEU4,YAP1
LEU9,GCN4
LEU9,SFP1
LGE1,RAP1
LHP1,CBF1
LHP1,TYE7
LHS1,BAS1
LHS1,GLN3
LHS1,HAC1
LHS1,ZAP1
LOC1,MSN2
LOC1,STE12
LOS1,GCN4
LOT5,ABF1
LOT6,STE12
LPD1,ABF1
LPD1,GCN4
LPX1,ADR1
LPX1,MSN2
LPX1,RDS2
LPX1,SOK2
LRG1,STE12
LRO1,FHL1
LRO1,STE12
LRO1,SWI4
LRP1,MSN2
LRP1,RDS2
LSB3,MSN2
LSG1,YOX1
LSP1,MSN2
LST4,ZAP1
LST8,HSF1
LST8,MSN2
LTV1,ABF1
LYP1,RAP1
LYS1,GCN4
LYS1,SKN7
LYS1,STP1
LYS14,GCN4
LYS14,GCR2
LYS14,STE12
LYS14,TEC1
LYS2,ASH1
LYS2,GCN4
LYS20,CIN5
LYS20,FHL1
LYS20,GCN4
LYS20,MSN2
LYS20,RTG3
LYS20,SKN7
LYS20,STE12
LYS20,STP1
LYS20,TEC1
LYS20,YAP1
LYS9,GCN4
MAE1,ABF1
MAE1,PDR1
MAE1,RAP1
MAE1,RDS2
MAE1,SOK2
MAE1,STE12
MAE1,YAP1
MAG1,RPN4
MAK10,YAP1
MAK16,ABF1
MAK16,SOK2
MAK21,YHP1
MAK32,STE12
MAM3,RAP1
MAM33,MCM1
MAS1,MSN2
MAS2,GCN4
MAS2,YRM1
MBF1,RAP1
MCD1,MBP1
MCD1,SWI4
MCD4,HAC1
MCH1,GCN4
MCH4,CAD1
MCH4,GCN4
MCH4,MSN2
MCH4,PHO2
MCH4,RAP1
MCH4,YAP1
MCH5,PUT3
MCH5,RIM101
MCM2,ABF1
MCM2,ACE2
MCM2,RPN4
MCM3,MSN2
MCM3,STE12
MCM5,STE12
MCM5,YOX1
MCM7,MCM1
MCM7,MSN2
MCR1,ACE2
MCR1,SKO1
MCT1,MSN2
MDG1,STE12
MDH1,CIN5
MDH1,MSN2
MDH1,RAP1
MDH2,ADR1
MDH2,CIN5
MDH2,MSN2
MDH2,PDR1
MDH2,PHD1
MDH2,RAP1
MDH2,SKN7
MDH2,STB5
MDH2,STE12
MDH2,SWI4
MDH3,OAF1
MDJ1,ADR1
MDJ1,HSF1
MDJ1,MSN2
MDJ1,SPT23
MDM31,ACE2
MDM31,SOK2
MDM31,ZAP1
MDR1,STE12
MDS3,MSN2
MDV1,STE12
MDV1,TEC1
MDY2,ABF1
MDY2,OAF1
MDY2,RAP1
MEC1,OAF3
MED2,ABF1
MEF2,UME6
MEH1,MAL33
MEP1,ABF1
MEP1,CIN5
MEP1,MSN2
MEP1,TEC1
MEP3,MSN2
MEP3,STE12
MEP3,TEC1
MES1,UME6
MET1,CBF1
MET1,LEU3
MET1,YOX1
MET10,CBF1
MET10,GCN4
MET10,MET28
MET10,MET32
MET10,MET4
MET12,MSN2
MET13,CBF1
MET13,GCN4
MET13,MSN2
MET13,SKN7
MET13,SOK2
MET14,CBF1
MET14,MET28
MET14,MET32
MET14,MET4
MET14,MSN2
MET14,SPT23
MET16,CBF1
MET16,GCN4
MET16,LEU3
MET16,MET28
MET16,MET31
MET16,MET32
MET16,MET4
MET16,YAP1
MET2,CBF1
MET2,CIN5
MET2,MET28
MET2,MET31
MET2,MET32
MET2,MET4
MET2,RAP1
MET22,CBF1
MET22,GCN4
MET22,MET32
MET28,CBF1
MET28,GCN4
MET28,MET31
MET28,MET32
MET28,MET4
MET28,MSN2
MET28,PDR1
MET28,STE12
MET28,TEC1
MET3,ABF1
MET3,CBF1
MET3,MET32
MET3,MET4
MET3,RAP1
MET3,STE12
MET30,CBF1
MET30,MET28
MET30,MET32
MET30,MET4
MET30,MSN2
MET30,RAP1
MET32,CBF1
MET32,MCM1
MET32,MET4
MET4,ABF1
MET4,GCN4
MET4,SFP1
MET5,ABF1
MET5,AFT1
MET5,CBF1
MET5,MET31
MET5,MET32
MET5,MET4
MET5,SOK2
MET5,TYE7
MET6,ABF1
MET6,BAS1
MET6,CBF1
MET6,MET31
MET6,MET32
MET6,MET4
MET6,MSN2
MET6,RAP1
MET6,SKN7
MET6,STE12
MET6,YAP1
MET8,MET32
MET8,MET4
MFA1,MCM1
MFA1,STE12
MFA1,TEC1
MFA2,MCM1
MFA2,RPN4
MFA2,SKN7
MFA2,STE12
MFA2,TEC1
MFA2,YOX1
MFB1,STB5
MGM1,ABF1
MGM1,YRM1
MGM101,ACE2
MGM101,SFP1
MGS1,SOK2
MHP1,ABF1
MHR1,ABF1
MHR1,SWI4
MHT1,STE12
MIC17,STE12
MID2,ABF1
MID2,CIN5
MID2,RLM1
MID2,TEC1
MIG2,MSN2
MIG2,PDR3
MIG2,SOK2
MIG3,RAP1
MIG3,RGT1
MIG3,STE12
MIM1,STE12
MIR1,ABF1
MIR1,HAP5
MKC7,SWI6
MKK1,YRM1
MKT1,ABF1
MLC1,ABF1
MMF1,RAP1
MMP1,CBF1
MMP1,MET28
MMP1,MET31
MMR1,RAP1
MMT1,MSN2
MMT1,RFX1
MMT1,YAP1
MNL1,IFH1
MNN1,GCN4
MNN1,HAL9
MNN1,MSN2
MNN1,SOK2
MNN1,SWI4
MNN1,SWI6
MNN10,ABF1
MNN11,ABF1
MNN4,STE12
MNN4,TEC1
MNN5,CBF1
MNN5,TEC1
MNN9,SWI5
MOB1,YOX1
MOD5,TEC1
MOG1,RAP1
MON1,CIN5
MON1,SOK2
MOT1,MBP1
MOT1,MSN2
MOT1,SFP1
MOT1,STE12
MOT1,TEC1
MOT3,MSN2
MOT3,SKO1
MOT3,SWI4
MOT3,YAP6
MPD1,CBF1
MPS1,YRM1
MPT5,STE12
MPT5,TEC1
MRC1,STE12
MRE11,RAP1
MRH1,MCM1
MRH1,MSN2
MRH1,RAP1
MRH1,STE12
MRI1,YAP1
MRL1,YAP1
MRM1,GCN4
MRM2,GCR1
MRM2,SFP1
MRM2,YAP1
MRN1,SFP1
MRP10,AFT1
MRP13,GCR1
MRP13,RAP1
MRP17,STE12
MRP49,ABF1
MRP8,SKN7
MRP8,SPT23
MRPL13,MAL33
MRPL15,MSN2
MRPL16,STE12
MRPL19,GCN4
MRPL27,ABF1
MRPL27,SFP1
MRPL3,MSN2
MRPL32,ABF1
MRPL33,CIN5
MRPL37,STE12
MRPL38,ABF1
MRPL39,ABF1
MRPL4,ACE2
MRPL4,GLN3
MRPL4,PHO2
MRPL4,SKN7
MRPL4,SWI5
MRPL4,SWI6
MRPL4,YAP1
MRPL44,ABF1
MRPL49,RAP1
MRPL8,ABF1
MRPS17,GCN4
MRPS18,ABF1
MRPS35,MSN2
MRPS35,STE12
MRPS5,CST6
MRPS9,ABF1
MRPS9,STB1
MRS2,GCN4
MRS4,AFT1
MRS4,AFT2
MRS4,GCN4
MRS4,MSN2
MRS4,YAP1
MRT4,GCR2
MRT4,HSF1
MRT4,TYE7
MSA1,STE12
MSB1,YRR1
MSB2,MCM1
MSB2,MSN2
MSB2,STE12
MSB2,SWI4
MSB2,TEC1
MSB4,TEC1
MSC1,ADR1
MSC1,CAD1
MSC1,YAP1
MSC3,HAP5
MSF1,YAP1
MSH5,GCN4
MSK1,YRM1
MSN1,YAP1
MSN2,SKO1
MSN2,STE12
MSN2,TEC1
MSN2,TYE7
MSP1,MSN2
MSP1,STE12
MSP1,TEC1
MSR1,ACE2
MSR1,RAP1
MSR1,ROX1
MSS1,LEU3
MSS1,MSN2
MSS11,STE12
MSS11,TEC1
MSS116,ABF1
MSS116,RAP1
MSS51,MSN2
MTC2,PHD1
MTC2,STE12
MTC3,ACE2
MTC3,STE12
MTC3,YAP3
MTC4,GCN4
MTC6,STE12
MTC7,STE12
MTD1,BAS1
MTD1,MSN2
MTF1,MSN2
MTM1,ABF1
MTO1,STE12
MTQ1,HSF1
MTR2,MCM1
MTR4,FKH2
MUB1,MSN2
MUB1,YRM1
MUM2,ACE2
MUM2,TEC1
MUP1,ABF1
MUP1,MET28
MUP1,MET31
MUP1,MET32
MUP1,MET4
MUP1,MSN2
MUP1,RAP1
MUP1,STP1
MUP3,ARO80
MUP3,CIN5
MUP3,DAL82
MUP3,MET31
MUP3,MET32
MUP3,MET4
MUP3,RAP1
MUP3,YOX1
MUS81,FHL1
MVD1,HAP1
MVD1,RAP1
MYO1,STE12
MYO2,MSN2
MYO4,MSN2
MYO4,STE12
MYO4,TEC1
MYO5,STE12
NAB2,RPN4
NAB3,CBF1
NAB3,RAP1
NAB3,TUP1
NAF1,TEC1
NAM7,YRM1
NAM8,PDR1
NAM8,STE12
NAR1,GCN4
NAR1,YAP1
NAT5,IXR1
NAT5,YRM1
NCA2,TEC1
NCB2,SWI5
NCE102,ADR1
NCE102,MSN2
NCE102,PDR1
NCE102,PDR3
NCE103,ADR1
NCE103,CBF1
NCE103,GCN4
NCE103,MET32
NCE103,MSN2
NCE103,STE12
NCL1,CBF1
NCP1,TYE7
NDE1,CIN5
NDE1,FLO8
NDE1,MSN2
NDE1,NRG1
NDE1,OAF3
NDE1,SKO1
NDE1,SOK2
NDE1,YRM1
NDL1,SOK2
NEM1,RAP1
NEM1,SKN7
NEO1,ABF1
NEO1,RAP1
NET1,MSN2
NET1,SOK2
NEW1,RAP1
NEW1,YOX1
NFU1,MCM1
NFU1,YAP1
NGR1,ABF1
NHP2,CIN5
NHX1,ABF1
NIP7,AFT1
NIP7,TYE7
NIS1,ACE2
NIS1,STE12
NIS1,SWI5
NIT3,ABF1
NMA1,ADR1
NMA1,MSN2
NMA1,STE12
NMA1,YRM1
NMA2,YAP1
NMD3,AFT1
NMD3,YAP1
NMD5,RAP1
NNF2,GCR2
NNF2,STE12
NOB1,ABF1
NOC2,HAP2
NOC2,YRM1
NOC3,YAP1
NOC4,STE12
NOG1,YHP1
NOG1,YOX1
NOG2,CAD1
NOP12,RAP1
NOP13,CBF1
NOP14,MSN2
NOP14,RPN4
NOP2,YAP1
NOP53,STE12
NOP58,SOK2
NOP6,AFT1
NOP7,YHP1
NOP9,STE12
NOT5,MSN2
NRD1,RPN4
NRG1,CBF1
NRG1,CIN5
NRG1,MSN2
NRG1,SKN7
NRG1,SKO1
NRG1,SOK2
NRG1,STE12
NRG1,TEC1
NRG1,TUP1
NRG2,MSN2
NRG2,SKN7
NRG2,STE12
NRG2,YAP1
NRK1,GCN4
NRM1,GCN4
NRM1,MBP1
NRM1,SKO1
NRM1,SWI4
NRP1,YHP1
NRT1,LEU3
NRT1,SUM1
NSA2,ACE2
NSR1,FKH2
NSR1,PDR1
NSR1,RAP1
NTA1,ABF1
NTC20,FHL1
NTC20,SFP1
NTE1,MCM1
NTE1,MSN2
NTH1,CBF1
NTH1,SOK2
NTH2,YAP1
NUD1,SWI4
NUG1,ABF1
NUG1,YOX1
NUP1,SOK2
NUP1,STE12
NUP100,ACE2
NUP157,ABF1
NUP159,CBF1
NUP192,MSN2
NUP192,REB1
NUP192,STE12
NUP2,RAP1
NUP57,ABF1
NUP60,STE12
NUP85,ABF1
NUP85,MSS11
NVJ1,ACE2
OAC1,BAS1
OAC1,CAD1
OAC1,DAL81
OAC1,MSN2
OAC1,RPH1
OAC1,STB5
OCA4,GCR2
OCA5,ABF1
OCA5,ACE2
OCA5,RAP1
OCA5,TUP1
OCA6,CST6
OCH1,PHO4
OCH1,SKN7
ODC2,GCN4
OLA1,MSN2
OLA1,YAP1
OLE1,AFT2
OLE1,HAP1
OLE1,MSN2
OLE1,MSS11
OLE1,RAP1
OLE1,SPT23
OLE1,STE12
OM14,ACE2
OM14,MSN2
OM45,CIN5
OM45,PHO4
OM45,STE12
OMA1,RAP1
OMS1,STE12
OPI1,INO4
OPI10,OAF3
OPI3,INO4
OPI3,PHO4
OPI3,RAP1
OPT1,ABF1
OPT1,MET28
OPT1,MET31
OPT1,MET32
OPT1,MET4
OPT1,RAP1
OPY2,TEC1
ORC2,STE12
ORC4,RAP1
ORM1,ABF1
ORM2,MSN2
ORM2,STE12
ORM2,STP1
ORT1,GCN4
ORT1,LEU3
ORT1,SOK2
OSH7,MSN2
OSM1,STE12
OST5,ACE2
OST5,RAP1
OXA1,ACE2
OXA1,PHD1
OXA1,SKN7
OYE2,ABF1
OYE2,ARG81
OYE2,STE12
OYE2,YAP1
PAC10,AFT1
PAC10,CBF1
PAC10,MCM1
PAC11,FHL1
PAC11,RAP1
PAH1,ZAP1
PAI3,STE12
PAM1,MSN2
PAM1,TEC1
PAM16,STE12
PAN1,MSN2
PAN1,TYE7
PAN3,STE12
PAN6,UME6
PAP2,YAP1
PAR32,MSN2
PAT1,RAP1
PAT1,YRM1
PAU23,YRM1
PBA1,STB5
PBI2,SOK2
PBP2,ABF1
PBY1,TEC1
PCA1,RAP1
PCL1,FKH2
PCL1,MBP1
PCL1,MSN2
PCL1,RLM1
PCL1,ROX1
PCL1,STE12
PCL1,SWI4
PCL1,TEC1
PCL10,ACE2
PCL2,ACE2
PCL2,STE12
PCL2,SWI4
PCL2,SWI5
PCL2,TEC1
PCL2,YOX1
PCL5,DAL82
PCL5,GCN4
PCL5,MET4
PCL5,MSN2
PCL5,RAP1
PCL5,SOK2
PCL5,STE12
PCL7,RAP1
PCL9,SWI5
PCS60,AFT1
PCT1,MSN2
PDC1,ABF1
PDC1,GCR1
PDC1,GCR2
PDC1,RAP1
PDC1,TUP1
PDC5,PDC2
PDH1,STE12
PDH1,YRM1
PDI1,HAC1
PDI1,RAP1
PDI1,STE12
PDR1,RPN4
PDR1,SWI4
PDR10,PDR1
PDR10,PDR3
PDR10,SOK2
PDR15,MSN2
PDR15,PDR1
PDR15,PDR3
PDR15,YRM1
PDR16,HAP1
PDR16,MET4
PDR16,MSN2
PDR16,NRG1
PDR16,PDR1
PDR16,PDR3
PDR16,RDS2
PDR16,STB5
PDR3,PDR1
PDR3,STE12
PDR3,YAP1
PDR5,ASH1
PDR5,MSN2
PDR5,PDR1
PDR5,PDR3
PDR5,RAP1
PDR5,SWI4
PDR5,YAP1
PDR8,ADR1
PDR8,RTG3
PDR8,STE12
PDS5,ABF1
PDX3,RAP1
PEA2,STE12
PEA2,TEC1
PEP5,PHO2
PEP5,STE12
PER33,HSF1
PET10,CIN5
PET10,HAP1
PET111,RAP1
PET111,SFP1
PET123,MSN2
PET127,STE12
PET130,STE12
PET20,ECM22
PET54,STE12
PET54,TEC1
PET9,ABF1
PET9,ASH1
PET9,IXR1
PET9,RDS2
PET9,SOK2
PET9,TUP1
PEX10,ABF1
PEX11,ADR1
PEX11,OAF1
PEX12,RAP1
PEX21,STE12
PEX25,MSN2
PEX25,OAF1
PEX27,STE12
PEX27,TEC1
PEX28,MSN2
PEX28,STE12
PEX3,ABF1
PEX5,ARG81
PEX5,GCN4
PEX5,OAF1
PFD1,YRM1
PFK1,GCR2
PFK1,RAP1
PFK2,CIN5
PFK2,GCR2
PFK2,RAP1
PFK26,MCM1
PFK27,CBF1
PFK27,CIN5
PFK27,PHO4
PFK27,RAP1
PFK27,SKO1
PGA2,ABF1
PGA2,UME6
PGA3,PDR3
PGA3,SWI5
PGC1,CBF1
PGD1,STE12
PGI1,GCR1
PGI1,GCR2
PGI1,RAP1
PGM1,MSN2
PGM1,STE12
PGM3,SFP1
PHB1,SOK2
PHB2,ABF1
PHD1,FHL1
PHD1,MSN2
PHD1,SKN7
PHD1,SOK2
PHD1,SPT23
PHD1,STE12
PHD1,SWI4
PHD1,SWI6
PHD1,TEC1
PHD1,YAP1
PHD1,YOX1
PHO23,ROX1
PHO23,STE12
PHO3,MCM1
PHO3,PDC2
PHO4,FHL1
PHO4,MSN2
PHO4,RAP1
PHO4,STE12
PHO8,ABF1
PHO8,GCN4
PHO8,MSN2
PHO8,PHO4
PHO81,CAD1
PHO81,PHD1
PHO81,PHO2
PHO81,PHO4
PHO81,STE12
PHO81,TEC1
PHO85,ABF1
PHO86,PHO4
PHO87,PHO4
PHO88,MSN2
PHO88,RAP1
PHO91,SFP1
PHS1,RAP1
PIB1,HSF1
PIC2,CBF1
PIC2,HAP1
PIC2,MSN2
PIC2,SOK2
PIG2,MSN2
PIG2,SOK2
PIG2,YAP1
PIK1,ABF1
PIL1,ASH1
PIL1,MSN2
PIL1,RAP1
PIL1,SKN7
PIL1,STE12
PIL1,SWI5
PIM1,RAP1
PIM1,RPN4
PIN3,ABF1
PIN3,HSF1
PIN3,MSN2
PIR1,ACE2
PIR1,CIN5
PIR1,MCM1
PIR1,PHD1
PIR1,SKN7
PIR1,SOK2
PIR1,STE12
PIR1,SWI5
PIR1,TEC1
PIS1,INO4
PIS1,MCM1
PKH2,YAP1
PKP2,GCN4
PKP2,STE12
PLB1,MSN2
PLB1,RAP1
PLB1,SOK2
PLB1,STE12
PLB2,FLO8
PLB2,MBP1
PLB2,SKN7
PLB2,SPT23
PLB2,SWI4
PLB3,CBF1
PLB3,MCM1
PLB3,PHO4
PLB3,STE12
PLB3,SWI4
PLC1,MBP1
PLM2,MBP1
PLM2,SWI4
PLM2,SWI6
PLM2,YAP1
PMA1,ACE2
PMA1,HSF1
PMA1,MCM1
PMA1,RAP1
PMA1,STE12
PMD1,STE12
PMI40,ABF1
PML39,ABF1
PMP1,RAP1
PMP1,SOK2
PMP1,YOX1
PMP2,MSN2
PMP2,RAP1
PMP2,SOK2
PMP3,MSN2
PMP3,RAP1
PMR1,MSN2
PMR1,SOK2
PMT2,MCM1
PMT6,STE12
PMT6,STP2
PMU1,STE12
PNC1,HSF1
PNC1,PDR1
PNP1,FKH1
PNS1,FHL1
PNS1,MSN2
PNS1,SOK2
PNS1,SWI4
PNS1,YAP1
PNT1,YRM1
POC4,CIN5
POC4,RAP1
POL1,ABF1
POL1,LEU3
POL1,MBP1
POL30,SWI4
POM152,ABF1
POM33,HSF1
POM33,RGT1
POM33,YAP1
POP4,GCN4
POP6,CIN5
POP7,MCM1
POP8,IXR1
POR1,STB5
POR1,TEC1
POR2,SKN7
POR2,SOK2
PPH22,AFT1
PPH3,ABF1
PPH3,ARO80
PPH3,YRM1
PPN1,ASH1
PPQ1,STE12
PPT1,ADR1
PPT1,YOX1
PRB1,ADR1
PRB1,AFT1
PRB1,AFT2
PRB1,MSN2
PRB1,RDS2
PRB1,ZAP1
PRC1,ABF1
PRC1,CIN5
PRC1,FLO8
PRC1,MSN2
PRC1,UME6
PRD1,UME6
PRE1,RPN4
PRE2,FHL1
PRE2,IFH1
PRE2,SFP1
PRE3,PDR1
PRE3,REB1
PRE3,RPN4
PRE4,RPN4
PRE5,MSN2
PRE5,OAF3
PRE6,OAF1
PRE6,PHO2
PRE6,RPN4
PRE6,SOK2
PRE7,ABF1
PRE7,RAP1
PRE8,RPN4
PRE9,RPN4
PRE9,SOK2
PRI2,IXR1
PRI2,RAP1
PRI2,STE12
PRK1,STE12
PRK1,TEC1
PRM1,AFT1
PRM1,STE12
PRM1,TEC1
PRM10,ABF1
PRM10,RLM1
PRM10,SKO1
PRM10,STE12
PRM2,ABF1
PRM2,STE12
PRM3,STE12
PRM4,ABF1
PRM4,AFT2
PRM4,IXR1
PRM4,MSN2
PRM4,STE12
PRM5,ABF1
PRM5,CBF1
PRM5,GCN4
PRM5,MSN2
PRM5,SKO1
PRM5,SOK2
PRM5,STE12
PRM5,TEC1
PRM5,TUP1
PRM5,YAP1
PRM6,STE12
PRM8,STE12
PRO1,RAP1
PRP22,MSN2
PRP3,SFP1
PRP31,RAP1
PRP31,STE12
PRP39,STE12
PRP43,AFT1
PRP45,ABF1
PRP46,MSN2
PRP46,STE12
PRP5,AFT1
PRP5,STE12
PRP8,ABF1
PRS4,CBF1
PRS4,SFP1
PRX1,PDR1
PRX1,PUT3
PRX1,UME6
PRY1,ABF1
PRY1,CIN5
PRY1,MSN2
PRY1,RAP1
PRY1,SKN7
PRY1,SOK2
PRY1,SWI4
PRY1,TUP1
PRY2,PHD1
PRY2,SKN7
PRY2,STE12
PRY2,SWI4
PRY2,TEC1
PRY3,ACE2
PRY3,FKH1
PRY3,MSN2
PRY3,NRG1
PRY3,RAP1
PRY3,SOK2
PRY3,STE12
PRY3,SWI5
PSA1,ACE2
PSA1,MBP1
PSA1,MSN2
PSA1,RAP1
PSA1,SKN7
PSA1,SOK2
PSA1,STE12
PSD1,AFT1
PSD2,BAS1
PSD2,STE12
PSE1,CBF1
PSF1,PDR1
PSF1,YAP1
PSF2,GCN4
PSK1,ABF1
PSO2,GCN4
PSP1,ABF1
PSR1,PUT3
PST1,ACE2
PST1,ASH1
PST1,CBF1
PST1,FLO8
PST1,MET4
PST1,PDR3
PST1,STE12
PST1,SWI5
PST1,UME6
PST1,YAP1
PST2,RAP1
PST2,YAP1
PTA1,STE12
PTC2,FHL1
PTC2,GCN4
PTC2,RAP1
PTC2,STE12
PTI1,RAP1
PTK1,FHL1
PTK1,RAP1
PTK1,SPT23
PTK2,MSN2
PTM1,CAD1
PTM1,MSN2
PTM1,RAP1
PTP3,SKO1
PTP3,STE12
PTP3,TEC1
PTR2,ADR1
PTR2,CIN5
PTR2,DAL81
PTR2,GLN3
PTR2,HAL9
PTR2,HIR2
PTR2,MSN2
PTR2,RAP1
PTR2,RDS2
PTR2,SKN7
PTR2,SKO1
PTR2,SOK2
PTR2,STE12
PTR2,SWI4
PTR2,YOX1
PTR3,STE12
PUB1,CIN5
PUB1,SWI4
PUF3,STE12
PUF6,YAP1
PUN1,ASH1
PUN1,MSN2
PUN1,SKN7
PUN1,STE12
PUN1,TEC1
PUP1,RPN4
PUP2,PHO4
PUP2,RPN4
PUP3,MBP1
PUP3,MSN2
PUP3,RPN4
PUP3,SOK2
PUP3,SWI6
PUS2,STE12
PUS5,IXR1
PUS5,STE12
PUT2,PUT3
PUT3,GCN4
PUT3,RPN4
PWP2,YAP1
PWP2,YOX1
PXA1,ADR1
PXR1,MET4
PXR1,MSN2
PXR1,PDR1
PXR1,PDR3
PXR1,RAP1
PXR1,REB1
PXR1,STE12
PYC1,GCR2
PYC1,MSN2
PYC1,SKO1
PYC1,TEC1
PYC2,GCN4
QCR10,CBF1
QCR10,HAP2
QCR2,HAP2
QCR2,HAP3
QCR2,HAP5
QCR6,MBP1
QCR6,SOK2
QCR6,SPT23
QCR6,YAP1
QCR8,ABF1
QCR8,CBF1
QCR9,BAS1
QCR9,HAP2
QCR9,HAP3
QCR9,TEC1
QDR1,OAF1
QDR1,STE12
QDR2,PHO4
QDR2,RAP1
QDR2,REB1
QDR2,STE12
QDR3,GCN4
QDR3,STE12
RAD14,ABF1
RAD16,ABF1
RAD16,GCN4
RAD16,STE12
RAD2,SUM1
RAD23,RPN4
RAD27,MAL33
RAD27,MBP1
RAD30,STE12
RAD5,CIN5
RAD51,MBP1
RAD51,MSN2
RAD51,STE12
RAD51,SWI6
RAD51,YOX1
RAD54,CIN5
RAD54,STE12
RAD54,TEC1
RAD54,YOX1
RAD59,CBF1
RAD59,MET28
RAD59,MET31
RAD59,MET32
RAD59,MET4
RAD7,STE12
RAM1,STE12
RAS1,GLN3
RAS1,RAP1
RAS2,ACE2
RAS2,MSN2
RAT1,STE12
RAT1,YRM1
RAX1,RAP1
RAX1,TEC1
RAX2,FKH2
RAX2,STE12
RBG2,GCR2
RBG2,GLN3
RBS1,ABF1
RCN2,SPT23
RCO1,STE12
RCR1,YAP1
RCR2,YAP1
RDI1,OTU1
RDI1,STE12
RDL1,CAD1
RDL1,CIN5
RDL1,MSN2
RDL2,MSN2
RDS3,YAP1
REB1,ABF1
REB1,REB1
REB1,RPN4
REB1,STE12
REE1,ACE2
REE1,MAC1
REE1,MSN2
REG1,RPN4
REH1,SKO1
RER2,YOX1
RET2,REB1
REV1,TEC1
REX3,SPT23
REX3,STE12
RFA1,MBP1
RFA1,YHP1
RFA2,MBP1
RFA2,UGA3
RFC2,YRM1
RFC3,ASH1
RFC3,STE12
RFC5,BAS1
RFS1,HSF1
RFT1,RAP1
RFU1,STE12
RGA1,TEC1
RGA2,STE12
RGA2,TEC1
RGD2,STE12
RGD2,TEC1
RGT1,STE12
RGT2,ABF1
RHB1,MSN2
RHO2,AFT2
RHO2,STE12
RHO2,TEC1
RHO3,CAD1
RHO3,CBF1
RHO3,SKO1
RHO4,ARG81
RHO5,CAD1
RHO5,MSN2
RHO5,RAP1
RHO5,TEC1
RHO5,YAP1
RHR2,ABF1
RHR2,GCN4
RHR2,MSN2
RHR2,RAP1
RHR2,SOK2
RIA1,SFP1
RIB1,HSF1
RIB1,YAP1
RIB3,ABF1
RIB3,RAP1
RIB3,YAP1
RIB4,ABF1
RIB4,STB5
RIB5,GCN4
RIM101,GCN4
RIO2,MSN2
RIX1,PDR1
RIX7,ABF1
RIX7,AFT2
RIX7,GLN3
RIX7,REB1
RIX7,RPH1
RKI1,FKH2
RKI1,PDR1
RKI1,RAP1
RKM1,HAP2
RKM1,RIM101
RKM1,RPN4
RKM3,STE12
RKR1,SKO1
RLM1,CAD1
RLP7,MSN2
RLP7,YOX1
RMD1,GCR2
RMD6,RAP1
RMD6,STE12
RMD6,YAP1
RMD9,ABF1
RMI1,ACE2
RMI1,ASH1
RMI1,FHL1
RMI1,MSS11
RMI1,TEC1
RMT2,AFT1
RNA1,TEC1
RNA1,YRM1
RNH202,ABF1
RNH202,RIM101
RNH202,RTG3
RNH202,STE12
RNH203,CIN5
RNH203,MSN2
RNH203,STE12
RNQ1,RAP1
RNQ1,STE12
RNR1,ECM22
RNR1,IXR1
RNR1,MBP1
RNR1,MCM1
RNR1,SWI4
RNR2,RAP1
RNR2,RFX1
RNR4,MBP1
RNR4,RAP1
RNR4,RFX1
RNR4,SKO1
RNR4,STE12
RNR4,TUP1
RNR4,YOX1
RNT1,STE12
ROG1,ABF1
ROG3,STE12
ROG3,YAP1
ROK1,PDR1
ROM1,YOX1
ROT1,ABF1
ROT2,ACE2
ROT2,STE12
ROX1,FHL1
ROX1,HAP1
ROX1,IXR1
ROX1,MSN2
ROX1,SKN7
ROX1,SKO1
ROX1,STE12
ROX1,YAP1
ROX3,MCM1
ROX3,RAP1
RPA135,ADR1
RPA135,CBF1
RPA135,MSN2
RPA135,PDR1
RPA14,ABF1
RPA14,ACE2
RPA14,MSN2
RPA190,MCM1
RPA190,MSS11
RPA34,ACE2
RPA34,GCN4
RPA34,HSF1
RPA34,MCM1
RPA34,MSN2
RPA34,RAP1
RPA34,RLM1
RPA34,SFP1
RPA34,YHP1
RPA43,MCM1
RPB11,AFT1
RPB2,ABF1
RPB2,REB1
RPB4,MSN2
RPB4,STE12
RPB5,SFP1
RPB7,ABF1
RPB8,MSN2
RPC25,ABF1
RPC25,SKO1
RPC40,RAP1
RPE1,ABF1
RPE1,STB5
RPF1,CAD1
RPH1,STE12
RPL10,IFH1
RPL10,RAP1
RPL10,SFP1
RPL10,YAP1
RPL25,FHL1
RPL25,IFH1
RPL25,MSN2
RPL25,RAP1
RPL28,IFH1
RPL28,RAP1
RPL28,SFP1
RPL28,TUP1
RPL29,IFH1
RPL29,PHD1
RPL29,RAP1
RPL3,ABF1
RPL3,GCR1
RPL3,IFH1
RPL3,MSN2
RPL3,PHD1
RPL3,RAP1
RPL3,SKN7
RPL3,TUP1
RPL30,FHL1
RPL30,IFH1
RPL30,RAP1
RPL30,SFP1
RPL30,TUP1
RPL32,IFH1
RPL32,RAP1
RPL32,SFP1
RPL38,IFH1
RPL38,RAP1
RPL39,FKH1
RPL39,IFH1
RPL5,IFH1
RPL5,PHO2
RPL5,RAP1
RPL5,SFP1
RPM2,HAP2
RPM2,MSN2
RPM2,TEC1
RPM2,YAP1
RPN10,ABF1
RPN10,MSN2
RPN10,PUT3
RPN11,RAP1
RPN11,RPN4
RPN12,ASH1
RPN14,MSN2
RPN2,MSN2
RPN2,RPN4
RPN3,RPN4
RPN4,HSF1
RPN4,MSN2
RPN4,PDR1
RPN4,PDR3
RPN5,RPN4
RPN6,RPN4
RPN7,MCM1
RPN7,ROX1
RPN7,RPN4
RPN8,ABF1
RPN8,RPN4
RPN9,RPN4
RPO21,RAP1
RPO21,REB1
RPO21,YRM1
RPO31,ABF1
RPO31,YRM1
RPP0,ABF1
RPP0,CIN5
RPP0,RAP1
RPP0,SFP1
RPS12,IFH1
RPS12,RAP1
RPS12,SFP1
RPS13,GCR1
RPS13,IFH1
RPS13,RAP1
RPS13,SFP1
RPS13,YAP1
RPS15,IFH1
RPS15,RAP1
RPS15,TUP1
RPS2,IFH1
RPS2,RAP1
RPS2,TUP1
RPS20,IFH1
RPS20,RAP1
RPS20,SFP1
RPS3,CIN5
RPS3,GCN4
RPS3,HMO1
RPS3,IFH1
RPS3,RAP1
RPS3,SFP1
RPS3,YAP1
RPS31,IFH1
RPS31,RAP1
RPS31,SFP1
RPS5,IFH1
RPS5,RAP1
RPS5,SFP1
RPT1,RPN4
RPT2,REB1
RPT3,RPN4
RPT4,RPN4
RPT5,RPN4
RPT6,RPN4
RRB1,YOX1
RRN11,STE12
RRN6,STE12
RRN6,TEC1
RRP12,ABF1
RRP12,SPT23
RRP14,AFT1
RRP36,REB1
RRP6,CBF1
RRP7,SOK2
RRT13,SOK2
RRT14,CBF1
RRT8,MSN2
RRT8,SKN7
RSC2,ABF1
RSF2,ABF1
RSF2,CIN5
RSF2,SOK2
RSF2,STE12
RSF2,TEC1
RSM10,HAP2
RSM10,TEC1
RSM10,TUP1
RSM26,ECM22
RSM7,MSN2
RSM7,TEC1
RSN1,MSN2
RSN1,RAP1
RSP5,ACE2
RSP5,MBP1
RSP5,RAP1
RSR1,STE12
RSR1,TEC1
RTC3,FKH1
RTC3,HOT1
RTC3,MSN2
RTC3,PDR1
RTC3,YAP1
RTC6,SFP1
RTG2,GCN4
RTG2,YAP1
RTG3,ABF1
RTG3,GCN4
RTG3,PDR3
RTK1,GCN4
RTK1,MSN2
RTK1,SPT23
RTK1,YAP1
RTN1,ABF1
RTN1,RAP1
RTS3,ADR1
RTS3,CBF1
RTS3,CIN5
RTS3,GAT1
RTS3,GCN4
RTS3,OAF1
RTS3,PDR1
RTS3,RAP1
RTS3,SOK2
RTS3,YAP1
RTT107,INO4
RTT107,RFX1
RUP1,ACE2
RUP1,PDR1
RUP1,SFP1
RUP1,STE12
RVB1,MCM1
RVB2,CBF1
RVB2,MCM1
RVS167,RAP1
RXT2,ABF1
RXT3,SFP1
SAC7,SOK2
SAF1,SOK2
SAG1,STE12
SAM1,MET31
SAM1,MET32
SAM1,MET4
SAM1,RAP1
SAM1,SOK2
SAM2,CBF1
SAM2,MET31
SAM2,MET32
SAM3,CBF1
SAM3,MET32
SAM3,SOK2
SAM3,YHP1
SAM3,ZAP1
SAM35,MSN2
SAM4,GCN4
SAM4,YHP1
SAP155,STE12
SAP155,YRM1
SAS4,YAP1
SAT4,STE12
SBA1,MSN2
SBH1,ACE2
SBH2,CIN5
SBP1,CIN5
SBP1,GCR1
SCC2,TEC1
SCD6,ABF1
SCH9,CIN5
SCL1,RPN4
SCM4,CBF1
SCM4,HAP1
SCM4,SOK2
SCO1,MSN2
SCO2,STE12
SCP1,RAP1
SCP160,ACE2
SCP160,STE12
SCP160,SWI5
SCS2,RAP1
SCS2,STE12
SCS22,ABF1
SCS3,ASH1
SCS3,GCN4
SCS3,PHO4
SCS7,OAF3
SCS7,PDR3
SCS7,STB5
SCT1,ABF1
SCT1,HSF1
SCT1,RAP1
SCW10,ASH1
SCW10,PHD1
SCW10,SKN7
SCW10,SOK2
SCW10,STE12
SCW10,TEC1
SCW10,YAP1
SCW4,CIN5
SCW4,IXR1
SCW4,PHD1
SCW4,RAP1
SCW4,SKN7
SCW4,SOK2
SCW4,STB5
SDA1,ADR1
SDA1,PDR1
SDC25,HAP2
SDS23,MSN2
SDS23,RAP1
SDS23,STB5
SEC10,SFP1
SEC11,ABF1
SEC14,ABF1
SEC16,SFP1
SEC18,ABF1
SEC2,STE12
SEC2,YRM1
SEC21,TEC1
SEC22,RAP1
SEC31,MSN2
SEC31,RAP1
SEC61,REB1
SEC72,ABF1
SEC72,HAP2
SEC8,FLO8
SEC8,OTU1
SED1,ADR1
SED1,CIN5
SED1,MOT3
SED1,MSN2
SED1,NRG1
SED1,RAP1
SED1,RDS2
SED1,RLM1
SED1,RTG3
SED1,SKN7
SED1,SKO1
SED1,SOK2
SED1,STE12
SED1,SWI4
SED1,TEC1
SED1,YAP1
SED1,YOX1
SED1,ZAP1
SEH1,PHO4
SEM1,STE12
SEN2,MET31
SER1,GCN4
SER1,RAP1
SER1,SOK2
SER1,YAP1
SER3,ACE2
SER3,IXR1
SER3,RAP1
SER3,STE12
SER3,SWI6
SER33,CBF1
SER33,MET32
SES1,CBF1
SES1,PHO2
SET2,ABF1
SET2,STE12
SET3,ABF1
SEY1,CAD1
SFA1,YAP1
SFB3,CBF1
SFB3,MCM1
SFG1,ECM22
SFG1,GLN3
SFG1,IXR1
SFG1,MCM1
SFG1,MOT3
SFG1,MSN2
SFG1,NRG1
SFG1,PUT3
SFG1,RAP1
SFG1,RLM1
SFG1,ROX1
SFG1,SFP1
SFG1,SKN7
SFG1,STE12
SFG1,TEC1
SFG1,YAP1
SFH5,ABF1
SFH5,STE12
SFH5,TEC1
SFK1,HAP1
SFK1,HSF1
SFK1,MSN2
SFK1,YOX1
SFP1,RAP1
SFP1,TEC1
SFT1,PHO2
SFT1,TEC1
SFT2,GCN4
SGE1,MSN2
SGE1,TEC1
SGO1,RAP1
SGT1,ABF1
SGT2,HSF1
SGT2,RPN4
SHE10,ACE2
SHE10,MSN2
SHE3,STE12
SHM1,STE12
SHM2,ABF1
SHM2,BAS1
SHO1,STE12
SHO1,TEC1
SHR5,RAP1
SHU1,STE12
SHY1,SOK2
SIC1,ACE2
SIC1,SWI5
SIF2,STE12
SIL1,HAC1
SIL1,PDR3
SIL1,STE12
SIL1,TEC1
SIM1,ASH1
SIM1,CIN5
SIM1,MCM1
SIM1,MSN2
SIM1,RLM1
SIM1,SOK2
SIM1,STE12
SIM1,SWI4
SIM1,TEC1
SIM1,TUP1
SIN4,CIN5
SIP1,ABF1
SIP2,RAP1
SIR1,SFP1
SIR1,STE12
SIR1,TEC1
SIR1,TUP1
SIR1,YAP6
SIS1,HSF1
SIS1,MSN2
SIS1,SKN7
SIS1,SPT23
SIS2,ABF1
SIZ1,RAP1
SKG6,MBP1
SKG6,MSN2
SKG6,STE12
SKI6,ABF1
SKI6,HSF1
SKI7,YRM1
SKM1,ASH1
SKN1,MCM1
SKN1,RAP1
SKN7,DAL82
SKN7,SOK2
SKP2,GCN4
SKP2,YRM1
SKS1,SOK2
SKS1,SWI4
SKS1,TEC1
SKY1,ABF1
SLA1,ABF1
SLA1,MSN2
SLD5,RAP1
SLG1,RAP1
SLM3,RAP1
SLM4,RAP1
SLM4,SOK2
SLM4,TEC1
SLM5,RLM1
SLT2,RLM1
SLU7,STE12
SLX4,STE12
SMC1,LEU3
SMC1,YHP1
SMC2,STE12
SMC3,HSF1
SMC3,STE12
SMD2,STE12
SMD3,STE12
SMF2,ABF1
SMF3,AFT1
SMF3,AFT2
SMF3,MCM1
SMF3,MET4
SMF3,RFX1
SMF3,ROX1
SML1,STE12
SMP3,AFT1
SMT3,CIN5
SMT3,GCN4
SMT3,GCR2
SMT3,RTG3
SMT3,SOK2
SMX2,ABF1
SMX3,MSN2
SMY1,ASH1
SNA2,ABF1
SNA2,ACE2
SNA2,MSN2
SNA2,PHD1
SNA2,SKN7
SNA2,SOK2
SNA2,STB5
SNA2,SWI4
SNA3,CBF1
SNA3,FHL1
SNA3,INO4
SNC2,CIN5
SNF11,SOK2
SNF11,STE12
SNF2,RLM1
SNF4,RAP1
SNF6,MCM1
SNF6,STE12
SNG1,HSF1
SNG1,MSN2
SNG1,STE12
SNL1,STE12
SNP1,STE12
SNQ2,ACE2
SNQ2,CAD1
SNQ2,GCN4
SNQ2,MSN2
SNQ2,PDR1
SNQ2,PDR3
SNQ2,STE12
SNQ2,YAP1
SNQ2,YOX1
SNT1,INO4
SNT309,STE12
SNU56,STE12
SNX4,STE12
SNZ1,GCN4
SNZ1,YAP1
SOD1,ABF1
SOD1,MSN2
SOD1,SKN7
SOD1,YAP1
SOD2,MSN2
SOD2,SKN7
SOD2,YAP1
SOF1,ABF1
SOH1,MSN2
SOK1,YRM1
SOK2,STE12
SOK2,TEC1
SOK2,TUP1
SOL1,SFP1
SOL1,SKO1
SOM1,CIN5
SOM1,SOK2
SOM1,STE12
SOP4,RAP1
SPB1,ABF1
SPB1,REB1
SPB1,STE12
SPB1,YOX1
SPB1,ZAP1
SPC2,FLO8
SPE2,CBF1
SPE2,RAP1
SPE2,REB1
SPG5,BAS1
SPI1,ADR1
SPI1,MCM1
SPI1,MSN2
SPI1,SKN7
SPI1,SOK2
SPI1,STE12
SPI1,TEC1
SPO12,YOX1
SPO14,STE12
SPO14,TEC1
SPO73,FHL1
SPO73,STE12
SPP2,STE12
SPP41,ABF1
SPS18,OAF1
SPS18,SUM1
SPT15,YAP1
SPT2,STE12
SPT20,RAP1
SPT21,MBP1
SPT7,STE12
SPT8,MSN2
SPT8,STE12
SRL1,CIN5
SRL1,MCM1
SRL1,RAP1
SRL1,SOK2
SRL1,SWI4
SRL1,SWI6
SRL1,TEC1
SRL3,RLM1
SRL3,STE12
SRL3,TEC1
SRM1,TUP1
SRO77,STE12
SRP1,ABF1
SRP1,BAS1
SRP40,RAP1
SRP40,STE12
SRP40,SWI4
SRY1,ABF1
SSA1,ABF1
SSA1,HSF1
SSA1,MSN2
SSA1,RAP1
SSA1,SKN7
SSA1,YAP1
SSA2,HSF1
SSA2,MSN2
SSA2,STE12
SSA2,YAP1
SSA3,HSF1
SSA3,RAP1
SSA3,STE12
SSA4,CIN5
SSA4,HSF1
SSA4,MSN2
SSA4,SOK2
SSA4,STE12
SSA4,YAP1
SSB1,ABF1
SSB1,RAP1
SSB1,TYE7
SSB2,YOX1
SSC1,ABF1
SSC1,HSF1
SSD1,MSN2
SSD1,RAP1
SSE1,ABF1
SSE1,HSF1
SSE2,ABF1
SSE2,CIN5
SSE2,GZF3
SSE2,HSF1
SSE2,MSN2
SSE2,SKN7
SSE2,SOK2
SSF2,ABF1
SSF2,RAP1
SSH1,ABF1
SSK1,CIN5
SSK1,MSN2
SSK1,STE12
SSL1,RAP1
SSL2,ABF1
SSN3,STE12
SSO1,MSN2
SSO2,FKH1
SSO2,STE12
SSS1,IXR1
SST2,DIG1
SST2,RAP1
SST2,STE12
SSU1,GCN4
SSY1,TYE7
SSZ1,ABF1
STB1,PHO4
STB1,RAP1
STB3,TEC1
STB4,GCN4
STB5,YAP1
STB6,STE12
STE12,MCM1
STE12,TEC1
STE13,STE12
STE14,RFX1
STE2,HAP5
STE2,MCM1
STE2,STE12
STE2,STP2
STE2,YAP1
STE20,SOK2
STE23,MSN2
STE23,YRM1
STE4,STE12
STE5,MSN2
STE5,STP2
STE6,CIN5
STE6,MSN2
STE6,STE12
STE6,YHP1
STE7,SOK2
STF1,ABF1
STF2,PDR1
STI1,ABF1
STI1,HSF1
STI1,MSN2
STI1,SPT23
STI1,TUP1
STM1,STE12
STP1,ABF1
STP22,MSN2
STP3,STB5
STP4,MSN2
STP4,SOK2
STP4,SWI4
STP4,TEC1
STP4,YAP1
STR3,BAS1
STR3,CBF1
STR3,FLO8
STR3,GCN4
STR3,LEU3
STR3,MET28
STR3,MET31
STR3,MET32
STR3,MET4
STR3,UME6
SUB2,GCR1
SUB2,HAP2
SUC2,CIN5
SUC2,MIG1
SUC2,MIG2
SUC2,MSN2
SUL2,CBF1
SUL2,MET28
SUL2,MET32
SUL2,MET4
SUM1,ABF1
SUM1,STE12
SUN4,CIN5
SUN4,GCR2
SUN4,RAP1
SUN4,RLM1
SUN4,SOK2
SUN4,STE12
SUN4,SWI4
SUP35,ABF1
SUP45,ABF1
SUT1,SOK2
SUT1,TEC1
SUT1,YOX1
SUT2,SWI4
SVL3,HSF1
SVS1,MBP1
SVS1,RAP1
SVS1,STE12
SVS1,SWI4
SVS1,SWI6
SVS1,TEC1
SWE1,STE12
SWE1,TEC1
SWH1,STE12
SWI3,ABF1
SWI4,MBP1
SWI4,MCM1
SWI4,SOK2
SWI4,STE12
SWI4,SWI6
SWI5,FKH1
SWI5,FKH2
SWI5,MCM1
SWI5,RAP1
SWI5,SFP1
SWI5,STE12
SWI6,STE12
SWM1,RAP1
SYC1,NRG1
SYG1,MSN2
TAD2,HAC1
TAD2,SFP1
TAF11,ABF1
TAF12,PHO2
TAF12,STE12
TAF14,ABF1
TAF4,ABF1
TAF6,YRM1
TAF9,ABF1
TAH11,ABF1
TAH11,ACE2
TAH11,HSF1
TAH11,MSN2
TAH18,YAP1
TAT1,ROX1
TAT1,YAP1
TAT2,MSN2
TAT2,STE12
TAX4,STE12
TAX4,TEC1
TBS1,STE12
TBS1,TEC1
TCB1,SOK2
TCB1,TEC1
TCB2,MSN2
TCB2,SFP1
TCM62,MSN2
TCO89,STE12
TCP1,ABF1
TDH1,PDR1
TDH1,STE12
TDH1,YAP1
TDH2,ABF1
TDH2,GCR2
TDH2,PDR1
TDH2,RAP1
TDH2,TYE7
TDH3,ABF1
TDH3,CIN5
TDH3,GCN4
TDH3,GCR1
TDH3,GCR2
TDH3,HSF1
TDH3,RAP1
TDH3,SKN7
TDH3,TYE7
TEA1,GCN4
TEA1,STE12
TEC1,MSN2
TEC1,STE12
TEC1,SWI5
TEF2,CIN5
TEF2,GCN4
TEF2,HSF1
TEF2,RAP1
TEF2,TUP1
TEF4,AFT1
TEF4,RAP1
TEF4,REB1
TEN1,STE12
TES1,ADR1
TES1,STE12
TFA1,RAP1
TFA2,MSN2
TFB1,ABF1
TFB2,UGA3
TFC1,STE12
TFC3,MSN2
TFC7,GCN4
TFS1,ABF1
TFS1,FHL1
TFS1,MSN2
TFS1,YAP1
TGL4,MSN2
TGL4,STE12
TGS1,YOX1
THG1,MSS11
THG1,STE12
THI20,PDC2
THI21,TEC1
THI4,MSN2
THI4,PDC2
THI4,SKO1
THI7,ASH1
THI7,SOK2
THI74,YAP1
THI80,STE12
THO1,CBF1
THO1,RAP1
THO2,STE12
THP3,ABF1
THR1,GCN4
THR1,REB1
THR4,ABF1
THR4,GCN4
TID3,UME6
TIF34,RAP1
TIF35,ABF1
TIF4631,SOK2
TIF4631,STE12
TIF4632,YRM1
TIM10,CIN5
TIM10,RGT1
TIM10,TYE7
TIM11,CIN5
TIM13,RAP1
TIM18,ABF1
TIM21,RAP1
TIM21,TUP1
TIM23,ABF1
TIM23,ACE2
TIM23,MSN2
TIM23,SFP1
TIM44,RAP1
TIM50,OAF1
TIM8,RAP1
TIP1,ADR1
TIP1,CIN5
TIP1,MCM1
TIP1,MSN2
TIP1,PHD1
TIP1,PHO4
TIP1,RDS2
TIP1,SOK2
TIP1,SPT23
TIP1,STE12
TIP1,TUP1
TIP20,ARG81
TIP20,STE12
TIP20,TEC1
TIP41,GCN4
TIP41,GLN3
TIP41,HSF1
TIP41,RAP1
TIR1,IXR1
TIR1,PHD1
TIR1,RAP1
TIR1,SKN7
TIR1,SOK2
TIR1,YRM1
TIR4,RAP1
TIR4,YAP1
TIR4,YRM1
TIS11,AFT1
TIS11,AFT2
TIS11,MSN2
TIS11,PHO4
TIS11,PUT3
TIS11,ZAP1
TKL1,AFT1
TKL1,CIN5
TKL1,REB1
TKL1,SOK2
TKL1,STB5
TMA10,GCN4
TMA10,HSF1
TMA10,MSN2
TMA10,STE12
TMA108,STE12
TMA17,CAD1
TMA17,FKH2
TMA20,ABF1
TMA46,ABF1
TMN3,YRM1
TNA1,RAP1
TNA1,SUM1
TOF1,YOX1
TOM1,MSN2
TOM1,STE12
TOM7,TYE7
TOS1,ABF1
TOS1,STE12
TOS1,TEC1
TOS2,MSN2
TOS2,STE12
TOS2,TEC1
TOS3,SWI6
TOS3,TEC1
TOS6,ASH1
TOS6,RAP1
TOS6,STE12
TOS6,SWI4
TOS6,SWI6
TPD3,ROX1
TPI1,GCR1
TPI1,RAP1
TPK1,MSN2
TPK1,YAP1
TPK2,MSN2
TPM1,ACE2
TPM1,RAP1
TPM2,ABF1
TPN1,BAS1
TPN1,GCN4
TPO1,PDR1
TPO1,PDR3
TPO1,SOK2
TPO1,YRM1
TPO3,MSN2
TPO3,SOK2
TPO3,STE12
TPO3,TEC1
TPO4,ADR1
TPO4,CIN5
TPO4,FLO8
TPO4,MSN2
TPO4,PDR1
TPO4,SOK2
TPS1,MSN2
TPS1,OAF1
TPS2,PDR3
TPS2,SOK2
TPS3,ACE2
TPS3,MSN2
TPS3,SWI5
TPT1,SUM1
TRE1,CBF1
TRE2,STE12
TRK2,YRM1
TRM11,ADR1
TRM11,GCN4
TRM12,INO4
TRM12,MCM1
TRM2,CBF1
TRM2,SWI4
TRM2,SWI6
TRM5,RAP1
TRP1,PHO4
TRP2,GCN4
TRP3,ABF1
TRP3,GCN4
TRP4,GCN4
TRP4,MSN2
TRP4,YAP1
TRP5,GCN4
TRR1,YAP1
TRS20,GCN4
TRS31,STE12
TRX2,CIN5
TRX2,MSN2
TRX2,SKN7
TRX2,YAP1
TRZ1,BAS1
TSA1,SKN7
TSA1,STE12
TSA1,YAP1
TSA1,ZAP1
TSA2,MSN2
TSA2,SKN7
TSA2,YAP1
TSC10,YOX1
TSL1,FKH1
TSL1,HSF1
TSL1,MSN2
TSL1,RLM1
TSL1,SWI4
TSL1,SWI5
TSR1,SWI5
TSR2,YAP1
TTI1,CAD1
TTI1,RAP1
TUB4,STB5
TUB4,STE12
TVP15,REB1
TVP23,ARG81
TVP23,GCN4
TYE7,CBF1
TYE7,GCR2
TYE7,HSF1
TYE7,MCM1
TYE7,MET4
TYE7,MSN2
TYE7,PHO2
TYE7,PHO4
TYE7,RAP1
TYE7,SKN7
TYE7,SOK2
TYE7,STE12
TYE7,SWI4
TYE7,TUP1
TYE7,YAP1
TYR1,ABF1
TYR1,MSN2
TYS1,ABF1
TYS1,GCN4
TYW1,HAP2
TYW3,STE12
UBA1,MSN2
UBA1,RPN4
UBA4,ABF1
UBC12,CIN5
UBC4,DIG1
UBC4,HSF1
UBC4,SOK2
UBC4,STE12
UBC8,AFT1
UBC8,AFT2
UBC8,ASH1
UBC8,MSN2
UBC8,SOK2
UBC8,STE12
UBI4,HSF1
UBI4,MSN2
UBI4,UME6
UBP10,FHL1
UBP13,STE12
UBP14,ABF1
UBP15,ADR1
UBP15,YRM1
UBP16,STE12
UBP3,STE12
UBP6,ABF1
UBP6,RPN4
UBR2,ABF1
UBX2,ABF1
UBX2,RAP1
UBX3,HSF1
UBX5,ABF1
UBX6,ADR1
UBX6,FLO8
UBX6,MAC1
UBX6,MSN2
UBX6,SOK2
UBX6,STE12
UBX6,TEC1
UBX6,ZAP1
UFD1,MCM1
UFD1,RPN4
UFD2,ABF1
UFD4,RAP1
UFD4,RPN4
UFE1,MAL33
UFO1,MSN2
UFO1,STE12
UFO1,YAP1
UGA1,DAL81
UGA1,GLN3
UGA1,UGA3
UGA2,GLN3
UGA3,DAL81
UGA3,GCN4
UGA3,GLN3
UGO1,PDR1
UGO1,SFP1
UGO1,STE12
UGP1,HSF1
UGP1,MSN2
UGP1,SKN7
UGP1,SKO1
UIP3,MSN2
UIP3,SOK2
UIP3,STE12
UIP5,SKN7
ULP2,UME6
ULS1,RAP1
UME6,LEU3
UME6,MSN2
UME6,OAF1
UNG1,YRM1
UPS2,INO4
UPS2,STE12
URA1,MSN2
URA1,RTG3
URA1,SWI6
URA4,CIN5
URA4,MSN2
URA4,STE12
URA6,MSN2
URA8,INO4
URA8,SOK2
URB1,ABF1
URN1,MET32
URN1,STE12
USE1,STE12
UTH1,ACE2
UTH1,ASH1
UTH1,RAP1
UTH1,RDS2
UTH1,SFP1
UTH1,SKN7
UTH1,SOK2
UTH1,STB5
UTH1,STE12
UTH1,SWI4
UTH1,YOX1
UTP10,YAP1
UTP13,ABF1
UTP13,YHP1
UTP20,IXR1
UTP20,MSN2
UTP20,TEC1
UTP20,YAP1
UTP20,YHP1
UTP20,YOX1
UTP22,MSN2
UTP22,STE12
UTP22,YRM1
UTP23,CIN5
UTP25,ABF1
UTP25,UME6
UTP25,YAP1
UTP4,FKH1
UTP5,SWI5
UTP6,TUP1
UTP9,ABF1
UTR2,RAP1
UTR2,RLM1
UTR2,ROX1
UTR2,SOK2
UTR2,SWI6
UTR2,TEC1
UTR2,YAP1
UTR4,PHD1
UTR4,STB5
VAC17,CHA4
VAC17,FKH1
VAC7,TEC1
VAM3,SOK2
VAS1,GCN4
VBA1,GLN3
VBA1,TEC1
VBA2,ABF1
VBA2,MET32
VCX1,RAP1
VCX1,STE12
VHR1,CIN5
VHR1,GCN4
VHR1,MSN2
VHR1,PDR1
VHR1,PDR3
VHR1,SOK2
VHR1,STE12
VHS2,YRM1
VHS3,STE12
VID24,MSN2
VID24,RAP1
VID24,RDS2
VID27,YAP1
VID30,ACE2
VIP1,CBF1
VMA1,TUP1
VMA13,GCN4
VMA16,REB1
VMA5,TYE7
VMA6,RAP1
VMS1,STE12
VPS33,ABF1
VPS36,MSN2
VPS36,STE12
VPS36,TEC1
VPS38,TEC1
VPS4,YAP3
VPS55,ARR1
VPS60,ABF1
VPS60,GCN4
VPS62,HSF1
VPS63,ABF1
VPS71,MBP1
VPS71,TEC1
VPS73,PUT3
VPS73,STE12
VPS74,CST6
VPS74,RFX1
VRG4,ABF1
VRG4,RAP1
VRP1,RAP1
VTC1,PHO4
VTC2,CBF1
VTC2,PHO4
VTC3,AFT1
VTC3,BAS1
VTC3,HAP2
VTC3,MET32
VTC3,MSN2
VTC3,PDR1
VTC3,PHO4
VTC4,PHO4
VTI1,STE12
VTS1,RAP1
WAR1,GCN4
WHI2,YAP1
WSC2,CIN5
WSC2,MBP1
WSC2,RAP1
WSC2,STB5
WSC2,STE12
WSC2,TEC1
WSC3,TEC1
WTM1,ABF1
WTM1,ACE2
WTM1,GCN4
WTM1,MSN2
WTM1,PHD1
WTM2,CBF1
WTM2,CIN5
XDJ1,MSN2
XDJ1,STE12
YAH1,GCN4
YAK1,MSN2
YAP1,RAP1
YAP1,RPN4
YAP1,SKN7
YAP1801,GCN4
YAP1801,MSN2
YAP1802,STE12
YAP3,MCM1
YAP3,STE12
YAP6,CBF1
YAP6,CIN5
YAP6,MSN2
YAP6,PDR1
YAP6,TUP1
YAR028W,ABF1
YAR028W,MSN2
YAR028W,ROX1
YAR028W,SOK2
YAR028W,TUP1
YAR1,HSF1
YAR1,MSN2
YAT1,MSN2
YAT1,RAP1
YAT1,SOK2
YAT1,STE12
YBL010C,OTU1
YBL028C,CBF1
YBL028C,CIN5
YBL028C,MSN2
YBL028C,YAP1
YBL029W,BAS1
YBL029W,CAD1
YBL029W,MET31
YBL029W,SOK2
YBL029W,TEC1
YBL036C,CBF1
YBL059W,STE12
YBL077W,UME6
YBL081W,RAP1
YBP1,YRM1
YBP2,GCN4
YBR012C,MOT3
YBR053C,RDS2
YBR053C,SOK2
YBR053C,STE12
YBR056W,MSN2
YBR056W,YOX1
YBR071W,ASH1
YBR071W,MBP1
YBR071W,SWI5
YBR071W,SWI6
YBR074W,YRM1
YBR096W,ABF1
YBR138C,STE12
YBR139W,FKH1
YBR139W,FLO8
YBR219C,FHL1
YBR219C,SOK2
YBR220C,STE12
YBR225W,STE12
YBR241C,CIN5
YBR241C,STE12
YBR241C,YAP1
YBT1,GCN4
YCF1,RAP1
YCF1,YAP1
YCH1,ABF1
YCH1,BAS1
YCH1,MSN2
YCH1,RAP1
YCH1,STE12
YCK1,ASH1
YCK1,MSN2
YCK2,ACE2
YCK2,RAP1
YCR015C,STE12
YCR023C,GCN4
YCR061W,HAP1
YCR061W,PDR1
YCR061W,STE12
YCR061W,TEC1
YCR061W,UME6
YCR102C,HAL9
YCR102C,MSN2
YCR102C,ROX1
YCR102C,SKO1
YCR102C,STE12
YCR102C,YAP1
YCS4,MSN2
YCS4,STE12
YDJ1,CBF1
YDJ1,HSF1
YDL012C,ABF1
YDL027C,YRM1
YDL119C,SWI5
YDL121C,TYE7
YDL121C,YAP1
YDL124W,MSN2
YDL124W,YAP1
YDL124W,YOX1
YDL144C,RPN4
YDL176W,ARG81
YDL180W,YAP1
YDL183C,STE12
YDL183C,TEC1
YDL183C,YAP1
YDL241W,YAP1
YDR029W,ABF1
YDR029W,REB1
YDR089W,MSN2
YDR089W,YAP1
YDR090C,GLN3
YDR094W,RAP1
YDR094W,YRM1
YDR115W,CBF1
YDR124W,STE12
YDR132C,MSN2
YDR132C,STE12
YDR132C,TEC1
YDR132C,YAP1
YDR133C,RAP1
YDR133C,RIM101
YDR134C,PDR1
YDR134C,SOK2
YDR134C,SWI4
YDR134C,TUP1
YDR154C,HSF1
YDR154C,RPH1
YDR157W,ABF1
YDR186C,RAP1
YDR186C,RFX1
YDR186C,TEC1
YDR210W,HAP2
YDR210W,MSN2
YDR210W,TEC1
YDR222W,SWI4
YDR249C,MSN2
YDR249C,STE12
YDR249C,TEC1
YDR262W,YAP6
YDR282C,SFP1
YDR282C,STE12
YDR338C,CIN5
YDR341C,GCN4
YDR391C,RAP1
YDR476C,ABF1
YDR541C,RAP1
YEA6,ACE2
YEF3,RAP1
YEF3,STE12
YEH1,RFX1
YEL025C,STE12
YEL043W,CBF1
YEL043W,RAP1
YEL043W,STE12
YEL1,STE12
YEN1,ABF1
YER034W,STE12
YER077C,ACE2
YER079W,ACE2
YER079W,AFT2
YER079W,MSN2
YER079W,SKN7
YER079W,STE12
YER079W,SWI5
YER079W,YAP1
YER130C,SOK2
YER137C,STE12
YER137C,TEC1
YER152C,ACE2
YER152C,SKN7
YER156C,AFT1
YER160C,STE12
YER188W,ABF1
YER188W,STE12
YET3,FHL1
YFL034W,RAP1
YFL040W,SUM1
YFR006W,RFX1
YFR006W,STE12
YFR006W,YRM1
YFR018C,RAP1
YFR039C,STE12
YGK3,RAP1
YGL010W,RPN4
YGL036W,HSF1
YGL039W,MSN2
YGL039W,STE12
YGL052W,STE12
YGL072C,PUT3
YGL072C,STB5
YGL072C,STE12
YGL081W,CIN5
YGL088W,AFT1
YGL088W,STE12
YGL101W,SFP1
YGL101W,STE12
YGL102C,STE12
YGL108C,DAL82
YGL114W,ABF1
YGL114W,MSN2
YGL114W,YAP1
YGL117W,GCN4
YGL117W,IXR1
YGL117W,YAP1
YGL140C,SWI5
YGL159W,RAP1
YGL159W,STE12
YGL188C,RAP1
YGL188C,STE12
YGL193C,STE12
YGL193C,YRM1
YGP1,CIN5
YGP1,MCM1
YGP1,MET4
YGP1,MSN2
YGP1,PDR3
YGP1,PHO4
YGP1,RLM1
YGP1,SOK2
YGP1,STE12
YGP1,TEC1
YGP1,YAP1
YGR011W,YAP1
YGR012W,STE12
YGR021W,FHL1
YGR035C,ABF1
YGR035C,ASH1
YGR035C,MSN2
YGR035C,PDR1
YGR035C,PDR3
YGR035C,SOK2
YGR035C,SWI4
YGR050C,GCN4
YGR050C,NRG1
YGR050C,STE12
YGR054W,RAP1
YGR079W,CBF1
YGR079W,MCM1
YGR079W,SOK2
YGR117C,RAP1
YGR117C,SFP1
YGR122W,MSN2
YGR122W,STE12
YGR122W,TEC1
YGR125W,SOK2
YGR127W,CBF1
YGR130C,SOK2
YGR149W,MSN2
YGR149W,SKO1
YGR149W,SOK2
YGR151C,STE12
YGR153W,STE12
YGR153W,TEC1
YGR164W,STE12
YGR182C,CIN5
YGR182C,DAL82
YGR210C,HSF1
YGR210C,SKN7
YGR250C,HSF1
YGR250C,SFP1
YGR250C,SWI4
YGR266W,HAP1
YGR283C,YHP1
YHB1,ACE2
YHB1,CBF1
YHB1,DIG1
YHB1,GLN3
YHB1,HAL9
YHB1,HAP1
YHB1,HAP2
YHB1,HAP5
YHB1,MSN2
YHB1,RAP1
YHB1,SWI4
YHB1,TEC1
YHB1,YAP1
YHI9,GCN4
YHI9,GLN3
YHI9,STE12
YHI9,YAP1
YHL008C,MCM1
YHL008C,STE12
YHL012W,ACE2
YHL012W,PDR1
YHL012W,YOX1
YHL026C,SOK2
YHL044W,TEC1
YHL044W,YAP1
YHM2,STE12
YHP1,ASH1
YHP1,RAP1
YHP1,SOK2
YHP1,STE12
YHP1,SWI4
YHP1,TEC1
YHR020W,GCN4
YHR020W,YRM1
YHR033W,FHL1
YHR033W,MET4
YHR033W,MSN2
YHR033W,NRG1
YHR033W,SKO1
YHR033W,SOK2
YHR033W,TEC1
YHR080C,MSN2
YHR097C,MSN2
YHR097C,RAP1
YHR097C,SOK2
YHR097C,STE12
YHR112C,CBF1
YHR112C,MET32
YHR112C,MET4
YHR127W,STE12
YHR138C,AFT1
YHR138C,MSN2
YHR138C,SOK2
YHR138C,SWI5
YHR202W,SOK2
YIL001W,RAP1
YIL055C,INO4
YIL055C,MSN2
YIL055C,SOK2
YIL055C,STE12
YIL055C,TUP1
YIL055C,YRM1
YIL067C,STE12
YIL077C,MCM1
YIL096C,MSN2
YIL096C,TEC1
YIL108W,SKO1
YIL165C,GCN4
YIL165C,MET32
YIL165C,MET4
YIP1,REB1
YIP4,REB1
YIR014W,SOK2
YIR014W,UME6
YIR014W,YRM1
YIR016W,MSN2
YJL016W,MSN2
YJL055W,ZAP1
YJL068C,ABF1
YJL068C,RPH1
YJL068C,SFP1
YJL144W,HSF1
YJL144W,STE12
YJL171C,MSN2
YJL218W,OAF1
YJL218W,RAP1
YJR003C,YOX1
YJR011C,HAL9
YJR011C,YAP1
YJR111C,GCN4
YJR115W,ABF1
YJR115W,MSN2
YJR115W,SOK2
YJR115W,STE12
YJR115W,TEC1
YJR120W,MSN2
YJR120W,STE12
YJU3,ABF1
YKL063C,ABF1
YKL063C,SOK2
YKL091C,PDR1
YKL091C,SOK2
YKL091C,STE12
YKL151C,ACE2
YKL151C,RAP1
YKL162C,STE12
YKR011C,REB1
YKR011C,TEC1
YKR040C,ACE2
YKR047W,ABF1
YKR075C,ADR1
YKR075C,IXR1
YKR075C,RGT1
YKR075C,SKN7
YKR075C,TUP1
YKR075C,YAP1
YKT6,RPN4
YKU70,HAP5
YLF2,ABF1
YLL056C,SOK2
YLL056C,YAP1
YLL058W,MET32
YLL058W,MET4
YLR040C,STE12
YLR042C,MSN2
YLR042C,SOK2
YLR042C,STE12
YLR042C,TEC1
YLR049C,RTG3
YLR049C,SWI5
YLR050C,HSF1
YLR050C,YOX1
YLR076C,RAP1
YLR076C,TUP1
YLR108C,MSN2
YLR108C,SKN7
YLR108C,SPT23
YLR108C,STE12
YLR108C,YAP1
YLR112W,RAP1
YLR118C,ABF1
YLR126C,YRM1
YLR152C,GCN4
YLR173W,CBF1
YLR177W,CAD1
YLR179C,MET31
YLR179C,MET32
YLR179C,RAP1
YLR194C,ACE2
YLR194C,GCN4
YLR194C,MSN2
YLR194C,STE12
YLR194C,SWI5
YLR202C,YRM1
YLR252W,ADR1
YLR252W,PDR1
YLR252W,YAP1
YLR253W,MSN2
YLR253W,SKN7
YLR257W,DAL81
YLR257W,SKN7
YLR257W,SOK2
YLR257W,STE12
YLR271W,RAP1
YLR278C,YRM1
YLR280C,RAP1
YLR281C,YOX1
YLR283W,MSN2
YLR287C,STE12
YLR294C,HAP2
YLR326W,STE12
YLR345W,RFX1
YLR345W,YAP1
YLR413W,SKN7
YLR413W,YAP1
YLR413W,YHP1
YLR460C,HAL9
YLR460C,MSN2
YLR460C,YAP1
YMC1,GCN4
YMC2,GCN4
YMC2,RTG3
YME1,STE12
YML053C,MCM1
YML053C,MSN2
YML053C,RAP1
YML108W,GCN4
YML108W,YRM1
YML119W,MCM1
YML131W,MSN2
YML131W,PDR1
YML131W,SKO1
YML131W,SOK2
YML131W,YAP1
YML6,MSN2
YML6,SKO1
YMR027W,RAP1
YMR074C,STE12
YMR090W,MSN2
YMR090W,YAP1
YMR1,INO4
YMR1,STE12
YMR1,TEC1
YMR1,YAP1
YMR102C,MSN2
YMR102C,PDR1
YMR102C,PDR3
YMR102C,SOK2
YMR103C,PDR1
YMR130W,BAS1
YMR134W,ACE2
YMR134W,NRG1
YMR134W,YRM1
YMR144W,STP1
YMR144W,SWI4
YMR144W,YAP1
YMR178W,RTG3
YMR181C,FHL1
YMR196W,CAD1
YMR196W,CIN5
YMR196W,GCN4
YMR196W,MSN2
YMR252C,ASH1
YMR262W,MSN2
YMR265C,SOK2
YMR265C,STE12
YMR265C,TEC1
YMR295C,RAP1
YMR31,CBF1
YMR315W,ASH1
YMR315W,MSN2
YMR315W,STB5
YMR315W,YAP1
YNG1,CIN5
YNK1,CIN5
YNL010W,RAP1
YNL035C,MSN2
YNL040W,SOK2
YNL046W,FKH2
YNL050C,SFP1
YNL058C,ABF1
YNL095C,CBF1
YNL095C,RAP1
YNL115C,CAD1
YNL134C,HAL9
YNL134C,HSF1
YNL134C,MSN2
YNL134C,PDR1
YNL134C,ROX1
YNL134C,YAP1
YNL143C,STE12
YNL155W,MSN2
YNL155W,RPN4
YNL190W,MCM1
YNL190W,RAP1
YNL190W,STE12
YNL193W,SOK2
YNL200C,RFX1
YNL208W,RAP1
YNL208W,STE12
YNL208W,TEC1
YNL217W,MSN2
YNL217W,RAP1
YNL217W,YOX1
YNL295W,STE12
YNR061C,REB1
YNR061C,SKO1
YOL019W,PHD1
YOL029C,PDR1
YOL029C,PDR3
YOL029C,RAP1
YOL106W,STE12
YOL107W,INO4
YOL159C,CIN5
YOL159C,RLM1
YOL159C,STE12
YOR019W,SOK2
YOR052C,ASH1
YOR052C,SOK2
YOR052C,SPT23
YOR062C,CIN5
YOR062C,MSN2
YOR062C,SOK2
YOR082C,STE12
YOR093C,INO4
YOR093C,STE12
YOR093C,YAP1
YOR1,MSN2
YOR1,PDR1
YOR1,PDR3
YOR1,STE12
YOR131C,STE12
YOR152C,PDR1
YOR152C,PDR3
YOR152C,YAP1
YOR203W,GCN4
YOR238W,MSN2
YOR248W,HAP2
YOR248W,MBP1
YOR248W,STE12
YOR248W,SWI4
YOR292C,RAP1
YOR296W,STE12
YOR302W,ARG81
YOR302W,GCN4
YOR302W,MSN2
YOR302W,RAP1
YOR318C,SPT23
YOR318C,STE12
YOR333C,YRM1
YOR342C,MCM1
YOR342C,MSN2
YOR342C,PDR1
YOR342C,SKO1
YOR342C,TEC1
YOR366W,SUM1
YOR385W,MSN2
YOR385W,YAP1
YOR390W,ABF1
YOX1,SWI4
YOX1,SWI6
YPI1,RAP1
YPI1,RPN4
YPL014W,MBP1
YPL014W,MSN2
YPL014W,SOK2
YPL034W,AFT2
YPL034W,SFP1
YPL067C,RAP1
YPL067C,STE12
YPL068C,CBF1
YPL068C,PDR1
YPL168W,HSF1
YPL168W,SFP1
YPL199C,IFH1
YPL199C,RAP1
YPL229W,RAP1
YPL247C,MSN2
YPP1,HSF1
YPP1,STE12
YPP1,YAP1
YPR022C,SOK2
YPR063C,ABF1
YPR063C,MSN2
YPR1,CBF1
YPR1,SKO1
YPR117W,MSN2
YPR127W,MSN2
YPR172W,ABF1
YPR174C,MBP1
YPS1,MSN2
YPS1,STE12
YPS1,SWI4
YPS3,SKN7
YPS3,STE12
YPS3,SWI4
YPS3,TYE7
YPS6,PDR1
YPS6,STE12
YPT10,ABF1
YRM1,SOK2
YRO2,ABF1
YRO2,GCN4
YRO2,MSN2
YRO2,SKO1
YRO2,STE12
YRO2,YAP1
YRR1,YAP1
YSA1,LEU3
YSP1,INO4
YSP3,RAP1
YSY6,ABF1
YTA7,ABF1
YTM1,AFT1
YTM1,MSN2
YVC1,MSN2
YVC1,STE12
YVC1,TEC1
YVH1,DAL82
ZDS2,MCM1
ZDS2,STE12
ZEO1,CIN5
ZEO1,GLN3
ZEO1,HSF1
ZEO1,MSN2
ZEO1,PDR1
ZEO1,RDS2
ZEO1,SOK2
ZPR1,HSF1
ZPR1,MSN2
ZPR1,YAP1
ZRC1,MSN2
ZRC1,RAP1
ZRG8,CIN5
ZRG8,SOK2
ZRG8,STE12
ZRT1,FKH1
ZRT1,GCR2
ZRT1,GLN3
ZRT1,MOT3
ZRT1,MSN2
ZRT1,PHO2
ZRT1,SPT23
ZRT1,STP2
ZRT1,ZAP1
ZRT2,ABF1
ZRT2,GLN3
ZRT2,MCM1
ZRT2,ZAP1
ZRT3,ZAP1
ZTA1,GCN4
ZTA1,RAP1
ZWF1,ACE2
ZWF1,ASH1
ZWF1,CIN5
ZWF1,MET32
ZWF1,MET4
ZWF1,MSN2
ZWF1,PDR1
ZWF1,RAP1
ZWF1,SFP1
ZWF1,SWI5
ZWF1,TEC1
ZWF1,YAP1
